"","univ.specimenID","pmx","ect","cle","pf5","pga","pgp","tpg","lps","lpt","ds1","ds2","ds3","ldf","stl","mcv","mav","mdf","maf","mpt","mds","ips","ptt","layer.old.to.young"
"1","k.T0_001",4.71,11.71,11.48,NA,NA,NA,14.81,8.2,3.66,6.91,8.37,3.73,NA,74.46,21,15,10,9,6,3,3,5,0
"2","k.T0_006",2.3,8.36,7.98,NA,NA,NA,11.22,6.2,1.92,5.45,6.19,2.9,NA,47.95,20,14,9,8,6,3,3,5,0
"3","k.T0_009",2.72,8.71,NA,NA,NA,NA,9.68,5.32,2.5,5.96,7.03,3.31,5.74,49.03,20,14,10,9,5,3,3,3,0
"4","k.T0_010",3.03,9.28,NA,NA,NA,NA,11.86,7.39,3.01,5.08,6.98,2.86,5.64,55.29,20,14,10,9,6,3,3,5,0
"5","k.T0_022",4.44,13.29,13.4,NA,NA,NA,17.45,10.38,3.14,8.29,9.38,4.28,NA,85.01,19,NA,9,7,6,3,3,5,0
"6","k.T0_026",NA,10.7,10.59,NA,NA,NA,13.91,8.19,3.16,5.3,7.14,3.25,NA,72.49,21,NA,10,9,NA,3,3,NA,0
"7","k.T0_011",NA,9.45,8.74,NA,NA,NA,13.85,8.12,3.12,4.84,6.3,3.21,NA,53.65,19,14,9,8,6,3,3,5,0
"8","k.T0_093",5.08,NA,NA,NA,NA,NA,16.48,8.46,3.36,6.87,8.52,3.61,NA,72.87,20,NA,11,9,5,3,3,3,0
"9","k.T0_104",NA,12.3,NA,NA,NA,NA,16.39,9.32,3.67,8.08,9.37,NA,6.75,72.54,19,14,10,9,6,3,3,5,0
"10","k.T0_123",3.24,9.76,NA,NA,NA,NA,11.92,6.99,NA,NA,6.07,4.07,NA,64.86,20,NA,10,9,NA,NA,3,NA,0
"11","k.T0_124",3.82,10.78,NA,NA,NA,NA,12.41,7.21,2.98,5.49,7.01,3.38,NA,56.91,21,NA,10,9,6,3,3,5,0
"12","k.T0_125",5.26,NA,NA,NA,NA,NA,16.72,8.39,3.77,4.86,7.48,3.2,NA,77.05,20,14,10,9,6,3,3,5,0
"13","k.T0_135",4.9,12.02,12.07,NA,NA,NA,15.51,10.23,3.42,8.25,9.49,3.89,7.41,76.16,20,NA,9,8,6,3,3,5,0
"14","k.T0_136",2.81,8.21,NA,NA,NA,NA,11.74,8.16,2.78,5.95,6.63,2.94,NA,51.88,20,15,11,10,6,3,3,5,0
"15","k.T0_139",4.62,NA,NA,NA,NA,NA,14.46,10.52,2.69,7.78,9.47,4.87,8.47,69.25,20,NA,11,10,6,3,3,5,0
"16","k.T0_142",3.09,9.63,10.94,NA,NA,NA,12.39,7.56,2.85,5.62,7.35,2.61,5.69,54.77,21,14,10,9,6,3,3,5,0
"17","k.T0_148",3.37,9.25,9.85,NA,NA,NA,13.76,8.21,3.53,6.13,7.32,3.11,NA,59.21,20,14,9,8,6,3,3,5,0
"18","k.T0_149",3.6,11.14,11.16,NA,NA,NA,12.75,8.17,3.58,7.8,8.27,3,NA,61.31,20,14,10,9,5,3,3,4,0
"19","k.T0_173",4.3,NA,NA,NA,NA,NA,14.3,8.28,3.27,6.28,8.01,3.46,NA,59.71,20,14,10,9,5,3,3,3,0
"20","k.T0_192",4.07,12.43,NA,NA,NA,NA,16.32,10.79,3.64,7.9,8.14,3.95,NA,76.54,20,14,10,9,6,3,3,5,0
"21","k.T0_206",3.17,9.92,NA,NA,NA,NA,13.24,7.76,2.52,4.57,6.5,3,NA,59.45,20,14,10,9,6,3,3,5,0
"22","k.T0_531",3.51,10.82,NA,NA,NA,NA,NA,8.1,4.24,6.06,7.23,3.14,6.24,72.48,20,14,11,9,6,3,3,5,0
"23","k.T0_063",4.4,10.22,10.32,NA,NA,NA,12.73,7.58,2.7,4.15,NA,3.16,NA,60.65,19,14,10,9,6,2,3,4,0
"24","k.T0_181",4.19,11.6,NA,NA,NA,NA,15.76,9.82,2.21,6.82,8.27,3.7,NA,62.53,19,14,10,9,6,3,3,5,0
"25","k.T0_86A",NA,10.26,NA,NA,NA,NA,14.09,8.63,3.7,7.55,8.87,4.13,5.99,61.38,21,NA,9,10,6,3,3,5,0
"26","k.T0_89A",2.94,9.14,NA,NA,NA,NA,10.26,7.66,2.27,6.42,8.74,3.31,NA,55.64,21,14,10,9,6,3,3,5,0
"27","k.T0_069",3.77,NA,NA,NA,NA,NA,15.02,9.29,3.36,NA,7.49,4.02,NA,74.54,20,NA,9,8,6,3,3,5,0
"28","k.T0_090",3.11,9.62,NA,NA,NA,NA,11.93,7.62,4.06,6.73,7.94,3.02,NA,52.49,19,NA,9,8,5,3,3,4,0
"29","k.T0_048",NA,10.21,NA,NA,NA,NA,15.19,9.11,3.65,7.96,9.05,4.12,NA,77.67,NA,NA,10,9,5,3,3,4,0
"30","k.T0_062",2.76,NA,NA,NA,NA,NA,11.26,7.47,2.81,5.75,6.22,2.7,NA,56.81,20,14,9,9,6,3,3,5,0
"31","k.T0_099",2.96,NA,NA,NA,NA,NA,12.18,7.89,2.37,6.29,6.95,2.74,NA,58.87,21,14,9,8,7,3,3,6,0
"32","k.T0_158",3.4,NA,NA,NA,NA,NA,14.12,8.7,3.15,6.97,7.53,3.45,NA,53.86,20,14,9,8,6,3,3,5,0
"33","k.T0_005",NA,9.29,NA,NA,NA,NA,10.92,7.6,2.41,5.54,7.08,3.08,NA,53.5,21,14,10,9,6,3,3,5,0
"34","k.T0_012",3.21,10,9.8,NA,NA,NA,13.16,7.82,2.56,4.98,6.2,2.83,6.95,60,20,14,10,9,7,3,3,6,0
"35","k.T0_065",2.74,7.63,8.26,NA,NA,NA,11.43,7.63,2.68,5.58,7.47,3.06,NA,53.17,20,14,10,9,6,3,3,5,0
"36","k.T0_075",3.29,10.01,NA,NA,NA,NA,11.85,7.24,2.56,5.69,6.49,3.25,NA,59.36,20,14,10,9,6,3,3,5,0
"37","k.T0_077",3.27,10.28,NA,NA,NA,NA,11.96,7.56,2.26,5.16,6.36,2.75,NA,56.73,20,14,10,9,6,3,3,5,0
"38","k.T0_079",3.92,10.04,NA,NA,NA,NA,14.59,8.61,3.82,6.44,7.61,3.48,NA,66.4,21,14,11,10,NA,3,3,NA,0
"39","k.T0_096",4.15,12.08,12.96,NA,NA,NA,13.66,9.07,3.58,6.81,8.05,4.58,NA,65.71,21,14,10,9,6,3,3,5,0
"40","k.T0_114",3.48,NA,NA,NA,NA,NA,11.54,8.2,2.93,6.04,6.91,3.12,NA,52.47,19,14,9,8,6,3,3,5,0
"41","k.T0_184",4.98,NA,NA,NA,NA,NA,14.69,9.72,3.98,8.17,NA,NA,9.3,70.75,20,NA,9,8,NA,3,3,NA,0
"42","k.T0_208",4.54,NA,NA,NA,NA,NA,14.24,7.25,3.55,7.09,8.21,3.38,7.87,69.99,19,14,10,9,6,3,3,5,0
"43","k.T0_267",4.09,13.3,NA,NA,NA,NA,NA,NA,3.26,7.79,8.95,3.58,NA,71.67,19,14,10,9,6,3,3,5,0
"44","k.19_245",2.8,10.05,10.57,NA,NA,NA,11.13,5.9,2.84,4.71,5.68,2.03,NA,60.99,19,14,10,9,7,3,3,6,1
"45","k.19_247",3.36,8.29,8.27,NA,NA,NA,12.82,5.81,2.84,4.71,5.08,2.56,NA,55.08,20,14,10,9,6,3,3,5,1
"46","k.19_249",3.37,9.69,NA,NA,NA,NA,13.28,7.02,2.87,4.83,5.92,2.12,6.9,59.12,20,14,10,9,6,3,3,4,1
"47","k.19_251",3.67,9.75,NA,NA,NA,NA,NA,NA,2.89,5.53,7.07,3.05,NA,61.32,21,14,10,9,6,3,3,4,1
"48","k.19_253",3.39,9.29,NA,NA,NA,NA,12.32,6.97,2.93,5.08,6.32,3.06,NA,57.64,21,14,9,8,6,3,3,5,1
"49","k.19_254",2.7,8.43,8.87,NA,NA,NA,12.72,6.95,3.01,3.94,NA,2.72,6.23,51.45,19,14,8,8,6,3,3,5,1
"50","k.19_258",2.73,8.5,NA,NA,NA,NA,10.21,5.4,2.93,3.26,5.8,2.04,NA,52.72,19,14,9,8,6,3,3,5,1
"51","k.19_260",2.55,8.23,NA,NA,NA,NA,NA,6.5,2.61,3.66,5.2,1.7,NA,57.98,21,14,9,8,6,3,3,5,1
"52","k.19_264",3.24,9.42,9.23,NA,NA,NA,NA,6.92,2.98,5.6,7.23,3.61,NA,59.37,19,14,10,9,6,3,3,5,1
"53","k.19_267",3.49,10.27,10.47,NA,NA,NA,13.39,7,3.92,5.62,6.92,2.37,NA,64.31,20,14,8,9,5,3,3,4,1
"54","k.19_269",2.85,8.37,8.55,NA,NA,NA,10.22,6.24,1.92,5.25,6,2.76,NA,54.93,20,14,10,9,6,3,3,5,1
"55","k.19_271",3.85,8.83,8.68,NA,NA,NA,11.91,6,2.36,3.54,5.29,2.58,NA,55.66,20,14,9,8,6,3,3,5,1
"56","k.19_068",NA,7.22,7.3,NA,NA,NA,11.47,5.8,3.76,4.32,5.96,2.61,NA,55.47,20,14,9,8,5,3,3,4,1
"57","k.19_070",3.52,10.29,10.49,NA,NA,NA,13.57,8.03,3.28,6.45,7.46,2.92,NA,60.41,20,14,9,8,6,3,3,5,1
"58","k.19_072",NA,NA,NA,NA,NA,NA,13.13,6.8,3.51,4.57,5.59,NA,NA,63.4,19,14,9,8,6,3,3,4,1
"59","k.19_077",3.28,9.12,9.57,NA,NA,NA,12.42,6.98,3.58,4.53,6.41,2.4,NA,56.94,20,14,10,9,5,3,3,4,1
"60","k.19_085",3.58,NA,NA,NA,NA,NA,15,7.25,3.32,5.27,7,3.12,7.23,70.4,19,14,10,9,5,3,3,4,1
"61","k.19_086",2.97,NA,NA,NA,NA,NA,11.07,7.03,3.03,4.57,6.48,2.57,NA,58.18,20,14,10,9,6,3,3,5,1
"62","k.19_105",NA,NA,NA,NA,NA,NA,11.49,5.72,2.82,5,5.64,2.47,NA,51.13,19,14,9,8,6,3,3,5,1
"63","k.19_114",2.38,8.26,8.4,NA,NA,NA,10.67,6.83,2.85,4.04,5.76,2.08,6.1,56.27,21,14,10,9,5,3,3,4,1
"64","k.19_119",NA,9.75,NA,NA,NA,NA,12.39,7.45,2.22,4.1,NA,3.13,NA,62.05,21,14,9,8,6,3,3,4,1
"65","k.19_120",NA,8.61,8.24,NA,NA,NA,11.51,7.45,2.4,5.5,6.44,2.7,NA,55.14,21,14,9,8,6,3,3,5,1
"66","k.19_116",3.04,10.03,NA,NA,NA,NA,13.21,7.96,2.67,5.93,6.99,3.36,NA,60.12,20,14,9,8,6,3,3,5,1
"67","k.19_117",NA,8.75,8.75,NA,NA,NA,11.06,6.4,2.8,4.5,5.06,2.53,5.4,52.28,20,14,10,9,NA,3,3,NA,1
"68","k.19_131",3,8.39,8.72,NA,NA,NA,11.82,5.78,2.11,4.59,5.32,2.56,NA,49.29,20,14,10,9,6,3,3,4,1
"69","k.19_133",3.01,10.24,10.48,NA,NA,NA,13.92,8.4,4.23,5.39,6.82,3.54,7.33,66.45,20,14,10,9,5,3,3,4,1
"70","k.19_134",4.02,11.81,NA,NA,NA,NA,15.06,8.8,3.38,NA,NA,2.42,NA,72.2,19,14,10,9,6,1,3,4,1
"71","k.19_136",2.93,8.54,9.21,NA,NA,NA,NA,6.21,2.73,3.8,5.9,3.02,6.15,53.21,19,14,10,9,6,3,3,5,1
"72","k.19_137",2.47,7.66,7.8,NA,NA,NA,11.38,6.48,2.68,4.37,5.74,2.86,NA,54.56,20,14,9,8,6,3,3,5,1
"73","k.19_141",2.93,NA,NA,NA,NA,NA,12.8,7.12,2.59,4.36,6.1,2.55,NA,53.44,20,14,8,7,6,3,3,5,1
"74","k.19_142",3.2,10.01,10.32,NA,NA,NA,NA,7.85,2.74,3.95,6.01,3.07,NA,59.38,19,14,10,8,6,3,3,5,1
"75","k.19_169",3.98,9.72,NA,NA,NA,NA,12.31,7.29,3.62,5.04,5.97,2.59,NA,66.36,20,14,9,9,7,3,3,6,1
"76","k.19_183",4.39,11.62,11.62,NA,NA,NA,15.53,8.32,3.69,5.53,6.75,3.15,NA,74.16,20,14,10,8,5,3,3,3,1
"77","k.19_200",NA,8.13,NA,NA,NA,NA,12.95,6.97,3.14,3.73,4.69,2.52,NA,61.62,20,14,9,8,5,3,3,3,1
"78","k.19_203",3.98,10.68,NA,NA,NA,NA,13.59,7.83,2.5,5.19,6.2,3.68,NA,65.56,19,14,8,8,6,3,3,5,1
"79","k.19_205",NA,NA,NA,NA,NA,NA,8.82,5.22,1.58,4.12,5.44,2.38,NA,39.92,20,14,10,9,6,3,3,4,1
"80","k.19_206",2.78,8.93,NA,NA,NA,NA,12.14,6.53,1.87,4.03,5.83,2.36,NA,58.56,20,14,10,9,7,3,3,6,1
"81","k.19_227",NA,6.87,NA,NA,NA,NA,9.82,5.92,2.28,3.58,4.6,1.96,NA,44.46,20,14,11,9,6,3,3,5,1
"82","k.19_230",2.71,9.08,8.85,NA,NA,NA,NA,7.56,2.77,5.26,6.16,3.37,NA,54.14,19,14,10,9,6,3,3,5,1
"83","k.19_238",NA,NA,NA,NA,NA,NA,11.05,7.75,2.91,4.54,6.45,2.48,NA,53.61,20,13,9,8,5,3,3,3,1
"84","k.19_244",6.05,13.89,13.64,NA,NA,NA,15.62,8.42,4.86,4.66,7.4,3.57,NA,75.88,21,NA,10,9,6,3,3,NA,1
"85","k.18_009",2.84,7.59,8.04,NA,NA,NA,10.66,4.53,3.12,NA,4.76,2.31,4.64,55.08,19,14,10,9,5,2,3,4,2
"86","k.18_011",2.85,6.94,NA,NA,NA,NA,9.55,5.67,2.11,2.68,4.53,1.99,4.46,43.63,20,14,11,10,6,3,3,4,2
"87","k.18_015",3.53,11.01,10.77,NA,NA,NA,NA,NA,NA,NA,NA,NA,NA,NA,NA,NA,NA,NA,NA,NA,NA,NA,2
"88","k.18_017",3.8,10,10.76,NA,NA,NA,12.54,5.95,3.27,NA,4.67,1.58,5.6,59.88,19,14,11,10,NA,NA,3,NA,2
"89","k.18_018",3.38,NA,11.31,NA,NA,NA,14.16,7.81,2.21,3.75,6.5,2.44,6.21,70.52,19,14,10,9,5,3,3,3,2
"90","k.18_025",3.03,9.29,9.24,NA,NA,NA,11.54,6.23,2.29,NA,NA,2.34,6.39,59.77,19,14,8,7,6,1,3,2,2
"91","k.18_028",3.03,8.94,8.76,NA,NA,NA,10.5,5.8,2.02,NA,4.65,2.43,4.72,56.14,19,14,9,8,5,2,3,3,2
"92","k.18_029",2.29,7.27,7.91,NA,NA,NA,10.16,0.486,3.06,2.76,4.84,1.65,NA,47.06,19,14,9,8,5,3,3,3,2
"93","k.18_030",2.73,7.66,8.06,NA,NA,NA,9.67,5.01,2.78,NA,NA,1.52,4.56,51.04,20,14,9,8,6,1,3,4,2
"94","k.18_038",2.76,8.8,NA,NA,NA,NA,11.3,5.65,3.07,3.84,5.24,2.37,NA,53.87,19,14,9,8,6,3,3,4,2
"95","k.18_041",2.43,8.03,8.47,NA,NA,NA,9.52,4.58,2.83,NA,NA,1.42,NA,51,20,14,9,8,6,1,3,4,2
"96","k.18_043",3.39,10.29,10.9,NA,NA,NA,12.12,6.08,2.62,2.9,5.49,2.21,6.2,59.54,19,14,9,8,5,3,3,3,2
"97","k.18_046",3.43,9.77,NA,NA,NA,NA,12.69,7.25,3.01,3.77,5.58,2.46,5.14,57.51,19,14,9,8,5,3,3,3,2
"98","k.18_049",2.16,6.59,6.56,NA,NA,NA,7.83,4.7,2.75,NA,NA,1.65,NA,38.6,19,14,11,10,5,1,3,3,2
"99","k.18_050",3.93,14.12,NA,NA,NA,NA,16.25,NA,4.32,4.22,5.29,2.72,6.78,72.43,20,14,9,9,5,3,3,3,2
"100","k.18_053",NA,8.82,8.43,NA,NA,NA,9.4,5.03,2.81,3.65,5.22,2.54,4.84,55.12,21,15,9,8,6,3,3,4,2
"101","k.18_055",2.71,7.21,7.01,NA,NA,NA,NA,NA,1.56,2.87,4.08,2.01,3.64,47.4,19,14,9,8,7,3,3,4,2
"102","k.18_065",2.87,10.47,10.59,NA,NA,NA,12.16,6.17,2.05,3.36,6.28,2.71,6.36,68.51,20,14,9,8,5,3,3,3,2
"103","k.18_066",3.24,10.41,10.29,NA,NA,NA,NA,NA,2.26,2.89,4.29,1.91,5.9,55.65,20,14,9,8,6,3,3,4,2
"104","k.18_070",NA,7.03,7.77,NA,NA,NA,9.63,4.81,2.45,NA,4.73,2.26,5.14,44.4,20,14,10,9,5,2,3,4,2
"105","k.18_072",2.47,9.38,9.75,NA,NA,NA,10.83,4.61,3.7,2.61,NA,2.44,NA,52.39,19,14,9,8,5,3,3,3,2
"106","k.18_076",NA,7.36,7.79,NA,NA,NA,9.07,4.84,2.49,NA,4.95,2.21,4.54,45.48,19,14,8,8,6,2,3,3,2
"107","k.18_085",3.28,9.5,9.96,NA,NA,NA,11.5,5.03,2.99,2.28,4.67,1.92,NA,57.45,19,14,9,8,5,3,3,4,2
"108","k.18_097",3.07,8.38,NA,NA,NA,NA,NA,5.35,2.45,3.37,5.24,2.3,5.7,56.03,19,14,10,9,6,3,3,5,2
"109","k.18_098",3.12,8.77,9.5,NA,NA,NA,10.42,5.09,1.88,3.86,4.59,2.22,5.2,51.25,19,14,10,8,6,3,3,4,2
"110","k.18_099",2.67,8.44,8.52,NA,NA,NA,11.45,5.88,1.92,2.16,3.84,1.59,5.16,50.14,19,14,7,7,6,3,3,5,2
"111","k.18_106",3.7,9.67,NA,NA,NA,NA,10.79,4.87,2.91,4.07,6.11,1.92,6.2,54.74,20,14,9,8,6,3,3,4,2
"112","k.18_107",NA,8.29,8.63,NA,NA,NA,9.86,4.99,2.41,3.38,4.71,1.85,NA,58.91,20,14,9,8,5,3,3,3,2
"113","k.18_109",3.15,8.46,8.68,NA,NA,NA,10.14,4.29,2.39,2.89,4.82,2.16,5.28,64.3,20,14,8,8,6,3,3,5,2
"114","k.18_110",NA,7.85,8.13,NA,NA,NA,8.28,5.18,3.09,3.2,4.6,1.93,4.26,49.92,19,14,7,6,5,3,3,3,2
"115","k.18_111",2.84,7.94,8.73,NA,NA,NA,10.45,5.78,2.43,3.55,4.86,1.86,5.54,47.98,20,14,11,9,6,3,3,4,2
"116","k.18_114",2.72,8.07,8.66,NA,NA,NA,8.42,4.45,1.74,3.26,3.85,2.17,4.27,48.84,19,14,9,8,5,3,3,3,2
"117","k.18_131",3.15,8.95,9.14,NA,NA,NA,NA,5.18,2.65,NA,NA,1.97,6.13,49.8,19,14,10,9,6,3,3,5,2
"118","k.18_134",3.93,10.85,10.74,NA,NA,NA,12.7,6.43,2.47,3.03,4.98,1.86,NA,66.06,19,14,9,8,6,3,3,5,2
"119","k.18_136",3.35,NA,9.95,NA,NA,NA,11.15,5.69,2.39,2.93,6,2.64,6.18,61.47,20,14,9,8,5,3,3,2,2
"120","k.18_139",2.68,8.04,8.69,NA,NA,NA,10.23,4.95,2.72,2.6,4.65,1.86,5.77,56.34,20,14,10,9,5,3,3,3,2
"121","k.18_143",4.05,10.59,11.52,NA,NA,NA,14.96,6.18,2.73,2.83,5.01,1.88,6.59,67.66,19,14,9,8,6,3,3,4,2
"122","k.18_150",3.45,9.9,10.05,NA,NA,NA,NA,NA,2.71,3.16,5.43,2.23,7.16,58.25,19,14,10,9,6,3,3,5,2
"123","k.18_154",3.22,7.48,7.49,NA,NA,NA,9.26,5.09,1.83,3.12,4.08,1.95,NA,51.85,20,14,9,8,6,3,3,4,2
"124","k.18_159",5.58,13.25,NA,NA,NA,NA,NA,7.06,2.92,4.22,6.71,2.82,6.2,72.67,19,14,11,10,6,3,3,4,2
"125","k.18_176",2.37,8.13,NA,NA,NA,NA,9.86,4.8,2.16,2.49,4.64,1.94,4.78,46.1,19,14,9,8,6,3,3,5,2
"126","k.18_203",2.69,8.2,8.64,NA,NA,NA,9.09,5.36,1.75,4.96,5.85,2.53,4.91,45.44,19,14,8,7,6,3,3,4,2
"127","k.18_204",2.56,8.86,9.31,NA,NA,NA,11.24,4.97,2.31,1.96,2.97,2.08,5.11,58.95,19,14,9,8,6,3,3,NA,2
"128","k.18_209",2.55,NA,NA,NA,NA,NA,9.71,NA,2.57,3,4.91,1.92,5.05,49.54,19,14,9,8,6,3,3,4,2
"129","k.18_210",NA,4.87,5.48,NA,NA,NA,7.9,4.09,1.59,NA,3.18,1.45,3.9,41.75,20,14,9,8,7,2,3,6,2
"130","k.18_212",1.92,6.24,6.75,NA,NA,NA,8.78,4.81,2.86,NA,NA,1.95,NA,45.1,19,14,9,8,7,1,3,6,2
"131","k.18_214",1.99,5.64,5.79,NA,NA,NA,8.15,3.42,2.01,2.16,2.87,2.02,3.97,36.55,21,14,9,8,5,3,3,3,2
"132","k.18_215",3.08,NA,8.4,NA,NA,NA,10.23,4.19,1.91,0.198,4.06,1.92,5.31,51.26,20,14,9,8,6,3,3,4,2
"133","k.18_225",NA,NA,NA,NA,NA,NA,NA,5.84,3.43,3.06,4.69,2.29,6.17,70.17,19,14,9,8,6,3,3,4,2
"134","k.18_226",3.75,10.34,10.45,NA,NA,NA,11.31,4.87,3.52,3,4.68,2.22,7.6,58.36,20,14,10,8,6,3,3,3,2
"135","k.18_239",2.93,7.58,NA,NA,NA,NA,9.67,5.25,2.23,NA,NA,2.04,5.65,51.61,20,14,10,9,5,1,3,NA,2
"136","k.17_003",4.24,12.56,12.68,NA,NA,NA,11.91,6.95,2.85,NA,NA,2.81,NA,71.54,19,14,10,9,5,1,3,3,3
"137","k.17_020",4.51,11.98,11.24,NA,NA,NA,12.61,5.67,3.87,4.23,5,2.45,6.14,71.16,20,14,10,9,5,3,3,3,3
"138","k.17_022",3.74,NA,NA,NA,NA,NA,11.13,4.82,2.75,4.2,5.56,2.55,NA,62.49,19,14,10,9,5,3,3,3,3
"139","k.17_025",NA,6.99,7.55,NA,NA,NA,9.03,4.85,2.02,NA,5.41,2.22,4.52,51.32,20,14,9,9,6,2,3,2,3
"140","k.17_026",3.3,9.6,NA,NA,NA,NA,11.24,5.96,2.54,NA,NA,2.09,NA,63.42,20,14,9,9,5,1,3,2,3
"141","k.17_027",3.89,11.84,11.31,NA,NA,NA,12.45,5.62,2.04,2.53,4.57,2.24,NA,62.34,20,14,10,8,6,3,3,4,3
"142","k.17_033",2.5,8.43,NA,NA,NA,NA,9.09,5.01,2.08,NA,NA,2.2,5.24,54.04,21,14,10,9,6,1,3,4,3
"143","k.17_036",3.05,8.26,NA,NA,NA,NA,9.27,5.11,2.93,NA,4.36,2.11,5.04,60.33,19,14,9,8,5,2,3,3,3
"144","k.17_039",2.61,8.35,8.16,NA,NA,NA,9.37,5.25,3.18,NA,NA,1.74,NA,53.49,20,14,9,8,5,1,3,NA,3
"145","k.17_040",4.02,9.23,9.36,NA,NA,NA,13.1,6.26,2.97,2.37,4.41,2.08,7.02,63.08,19,14,9,8,5,3,3,3,3
"146","k.17_042",3.15,7.91,NA,NA,NA,NA,11.19,4.89,2.54,NA,5.46,2.4,5.72,67.16,20,14,10,9,5,2,3,2,3
"147","k.17_044",3.72,9.07,10.36,NA,NA,NA,13.73,6.49,2.38,NA,NA,2.3,NA,66.43,19,14,9,8,6,1,3,4,3
"148","k.17_046",3.41,8.73,8.68,NA,NA,NA,12.15,6.28,2.63,NA,4.71,2.61,6.22,63.29,19,14,10,9,NA,2,3,NA,3
"149","k.17_048",NA,9.49,10.42,NA,NA,NA,11.02,6.48,2.45,3.43,5.27,2.7,6.68,66.93,19,14,11,10,6,3,3,3,3
"150","k.17_050",2.98,9.55,9.48,NA,NA,NA,10.52,5.64,2.3,NA,NA,1.77,6.09,59.46,19,14,9,8,NA,1,3,NA,3
"151","k.17_052",3.19,9.64,NA,NA,NA,NA,10.51,5.63,2.51,NA,NA,1.96,5.85,60.7,19,14,10,9,5,1,3,3,3
"152","k.17_059",3.11,NA,NA,NA,NA,NA,10,5.22,2.37,3.15,5.41,2.93,6.8,67.63,20,14,10,9,5,3,3,2,3
"153","k.17_060",NA,8.77,8.53,NA,NA,NA,10.02,4.42,3.95,2.53,3.89,2.08,4.89,57.47,19,14,8,7,5,3,3,3,3
"154","k.17_062",2.8,8.34,NA,NA,NA,NA,8.65,4.68,2.67,NA,NA,2.11,NA,55.79,20,14,9,8,5,1,3,3,3
"155","k.17_064",NA,NA,6.85,NA,NA,NA,8.54,5.1,2.29,NA,NA,2.2,4.6,43.83,20,14,10,8,5,1,3,3,3
"156","k.17_065",2.53,6.53,6.92,NA,NA,NA,7.31,4.52,2.5,NA,4.61,1.64,4.79,50.36,20,14,10,9,6,2,3,5,3
"157","k.17_071",NA,6.79,NA,NA,NA,NA,8.38,4.67,2.72,NA,NA,1.64,NA,39.56,20,14,8,7,5,1,3,4,3
"158","k.17_074",4.09,9.9,10.9,NA,NA,NA,12.27,6.34,3.26,3.88,4.38,1.24,6.68,74.53,20,14,10,9,6,3,3,2,3
"159","k.17_076",4.6,11.25,11.67,NA,NA,NA,14.49,6.89,2.57,3.6,4.73,1.48,NA,69.08,19,14,11,10,6,3,3,3,3
"160","k.17_007",NA,9.74,9.55,NA,NA,NA,10.6,5.12,3,NA,NA,2.29,7.54,66.57,20,14,9,8,6,1,3,4,3
"161","k.17_078",4.16,10.63,10.85,NA,NA,NA,13.17,5.47,2.82,3.08,5.08,3.26,5.33,61.43,19,14,9,8,5,3,3,3,3
"162","k.17_081",3.17,9.38,NA,NA,NA,NA,NA,4.89,2.26,NA,4.18,1.93,5.37,56.2,20,14,9,8,5,2,3,2,3
"163","k.17_083",2.47,8.16,8.42,NA,NA,NA,8.43,5.14,2.37,NA,NA,2.16,4.28,47.45,19,14,9,9,5,1,3,3,3
"164","k.17_091",2.97,7.35,8.02,NA,NA,NA,10.31,5.31,2.39,1.85,4.29,2.02,5.36,63.12,20,14,9,8,6,3,3,4,3
"165","k.17_094",3.78,10,10.22,NA,NA,NA,11.78,5.95,2.47,NA,5.01,1.93,6.78,65.12,20,14,10,9,6,2,3,4,3
"166","k.17_096",2.32,NA,NA,NA,NA,NA,9.79,4.42,2.81,NA,3.14,1.77,5.1,60.83,20,14,10,8,5,2,3,3,3
"167","k.17_104",3.57,11.03,10.99,NA,NA,NA,11.39,5.31,2.73,3.39,5.16,2.14,5.82,79.28,19,14,10,9,6,3,3,2,3
"168","k.17_115",3.55,10.86,10.29,NA,NA,NA,10.12,4.92,2.19,NA,NA,1.46,7.64,64.86,20,14,9,8,5,1,3,NA,3
"169","k.17_118",2.96,8.73,9.32,NA,NA,NA,10.23,6.17,2.98,NA,4.58,2.27,6.03,55.39,19,14,9,8,6,2,3,4,3
"170","k.17_137",4.32,10.51,10.84,NA,NA,NA,11.28,5.41,2.28,NA,4.37,2.33,NA,60.77,19,14,10,9,5,2,3,3,3
"171","k.17_138",NA,9.35,10.16,NA,NA,NA,11.67,5.82,2.18,2.09,4.46,2.16,6.86,68.71,20,14,10,9,5,3,3,2,3
"172","k.17_142",3.68,9.14,8.88,NA,NA,NA,10.95,6.15,3.1,NA,NA,1.9,6.37,60.72,19,14,10,9,5,1,3,3,3
"173","k.17_143",2.85,8.89,8.4,NA,NA,NA,11.32,4.64,2.58,NA,4.28,2.07,5.24,54.2,19,14,9,7,6,2,3,4,3
"174","k.17_186",3.98,10.35,10.99,NA,NA,NA,NA,7.41,2.29,NA,5.79,2.29,5.11,61.11,19,14,9,8,6,2,3,5,3
"175","k.17_192",2.18,7.02,7.9,NA,NA,NA,9.25,4.82,3.65,NA,NA,2.14,4.19,54.17,20,14,9,8,6,1,3,5,3
"176","k.17_217",3.5,8.72,8.83,NA,NA,NA,10.61,5.03,2.75,NA,4.59,2.4,NA,50.53,20,14,8,7,6,2,3,5,3
"177","k.16_228",3.15,9.52,NA,NA,NA,NA,8.31,4.04,2.73,NA,5.04,2.19,4.14,58.75,20,14,10,9,5,2,3,3,4
"178","k.16_245",3.83,10.89,NA,NA,NA,NA,12.66,6.49,2.35,NA,3.8,2.71,4.71,69.17,19,14,10,9,5,2,3,NA,4
"179","k.16_246",NA,7.93,8.4,NA,NA,NA,9.82,5.91,2.49,NA,NA,2.31,4.86,61.02,19,14,9,8,5,1,3,3,4
"180","k.16_251",NA,NA,NA,NA,NA,NA,9.9,4.29,2.08,NA,3.41,1.76,4.35,54.48,19,14,9,9,6,2,3,3,4
"181","k.16_253",2.15,7.02,7.97,NA,NA,NA,9.5,5.16,2.43,NA,4.49,1.44,5.85,49.75,20,14,8,8,5,2,3,3,4
"182","k.16_254",3.04,8.17,9.04,NA,NA,NA,10.48,5.44,3.05,NA,4.6,1.9,5.5,57.03,18,14,10,8,5,2,3,3,4
"183","k.16_261",2.85,10.05,10.14,NA,NA,NA,11,4.22,2.3,NA,NA,1.57,NA,63.23,19,14,8,7,5,1,3,2,4
"184","k.16_262",3.09,NA,NA,NA,NA,NA,10.55,5.4,2.09,NA,NA,2.2,4.5,63.28,20,14,10,9,6,1,3,4,4
"185","k.16_263",2.76,NA,NA,NA,NA,NA,11.08,5.17,2.75,NA,NA,1.94,4.89,56.07,19,14,8,8,5,1,3,3,4
"186","k.16_268",3.12,NA,10.29,NA,NA,NA,10.67,4.7,2.61,NA,NA,1.61,NA,66.46,20,14,9,8,6,1,3,4,4
"187","k.16_275",4.17,9.28,9.75,NA,NA,NA,11.93,5.01,2.37,2.46,4.18,2.28,5.59,69.01,20,14,11,10,5,3,3,3,4
"188","k.16_277",2.74,9.06,9.37,NA,NA,NA,9.29,4.56,1.58,NA,NA,1.6,NA,55.97,20,14,9,8,6,1,3,3,4
"189","k.16_278",2.82,NA,8.65,NA,NA,NA,11.17,5.64,1.68,3.47,3.91,2.55,5.69,56.53,19,14,10,9,7,3,3,5,4
"190","k.16_280",2.95,9.18,NA,NA,NA,NA,10.71,5.99,3.04,NA,5.17,2.11,5.81,61.54,20,13,9,9,6,2,3,3,4
"191","k.16_286",4.41,NA,NA,NA,NA,NA,12.34,NA,2.34,NA,NA,1.43,5.92,71.18,19,14,9,8,6,1,3,3,4
"192","k.16_287",3.52,NA,8.82,NA,NA,NA,10.34,4.23,2.29,2.72,3.4,1.54,4.54,59.02,18,14,10,9,6,3,3,3,4
"193","k.16_295",4.65,11.26,11.14,NA,NA,NA,11.86,5.49,2.13,NA,5.43,2.39,7.78,73.9,20,14,9,8,6,2,3,2,4
"194","k.16_299",NA,9.74,10.17,NA,NA,NA,10.63,5.25,2.42,2.91,5.28,2.37,6.37,66.49,19,14,10,9,5,3,3,3,4
"195","k.16_301",2.45,8.06,8.08,NA,NA,NA,9.15,5.2,1.97,NA,NA,1.81,5.01,57.42,19,14,8,6,5,1,3,3,4
"196","k.16_307",NA,NA,6.84,NA,NA,NA,8.4,4.32,2.12,NA,3.76,1.95,4.26,48.33,19,14,9,8,5,2,3,3,4
"197","k.16_309",NA,9.76,9.67,NA,NA,NA,11.96,5.22,1.52,NA,4.58,1.98,5.81,62.18,19,14,10,9,5,2,3,3,4
"198","k.16_310",2.65,8.57,8.23,NA,NA,NA,9.41,4.56,3.14,NA,NA,1.31,4.07,54.27,20,14,10,9,6,1,3,4,4
"199","k.16_313",2.19,8.74,NA,NA,NA,NA,10.25,4.79,3.97,NA,NA,1.54,4.64,62.91,19,14,9,8,5,1,3,3,4
"200","k.16_314",3.84,10.51,10.75,NA,NA,NA,11.58,4.08,2.74,NA,NA,2.11,6.16,69.13,20,14,10,9,6,1,3,2,4
"201","k.16_316",2.83,8.52,9.11,NA,NA,NA,8.52,5,2.24,NA,NA,1.34,4.53,52.32,19,14,10,9,6,1,3,3,4
"202","k.16_319",NA,10.06,10.43,NA,NA,NA,NA,4.48,2.31,2.33,3.92,1.49,5.8,58.87,19,14,10,9,5,3,3,2,4
"203","k.16_320",3.21,NA,NA,NA,NA,NA,11.47,6.31,2.21,NA,NA,2.18,6.71,63.27,19,14,9,8,6,1,3,NA,4
"204","k.16_322",2.59,NA,8.05,NA,NA,NA,9.49,4.31,2.46,NA,NA,1.92,NA,52.12,19,14,9,8,6,2,3,5,4
"205","k.16_327",3.58,9.26,9.54,NA,NA,NA,12.37,4.94,2.07,NA,NA,2.1,7.26,65.8,19,14,9,9,5,1,3,NA,4
"206","k.16_328",4.49,11.21,NA,NA,NA,NA,12.62,6.76,2.87,2.43,4.34,2.12,6.28,71.42,19,14,9,8,5,3,3,3,4
"207","k.16_330",2.36,NA,NA,NA,NA,NA,9.49,4.9,2.17,3.9,5.48,2.62,4.76,56.81,19,14,9,9,5,3,3,3,4
"208","k.16_331",2.44,NA,8.63,NA,NA,NA,9.49,4,2.42,NA,NA,1.27,NA,50.64,19,14,9,8,6,1,3,3,4
"209","k.16_337",2.23,7.07,7.4,NA,NA,NA,10,5.02,2.74,2.44,4,2.21,NA,50.75,20,14,7,7,6,3,3,4,4
"210","k.16_341",2.2,NA,NA,NA,NA,NA,8.65,4.43,2.61,NA,NA,12.85,4.69,51.88,19,14,9,9,5,1,3,2,4
"211","k.16_345",3.78,9.97,10.46,NA,NA,NA,11.24,5.34,2.75,2.28,NA,1.81,6.9,65.98,19,14,11,8,6,2,3,4,4
"212","k.16_369",3.3,8.81,8.67,NA,NA,NA,NA,NA,2.61,NA,NA,1.95,NA,61.64,19,14,10,9,5,1,3,NA,4
"213","k.16_372",3.02,9.69,NA,NA,NA,NA,NA,NA,2.57,2.93,NA,2.28,4.94,60.14,19,14,9,8,6,2,3,4,4
"214","k.16_380",NA,NA,NA,NA,NA,NA,9.18,4.78,3.28,NA,NA,2.23,5.11,52.24,20,14,9,8,5,1,3,3,4
"215","k.16_389",3.2,10.15,NA,NA,NA,NA,12.32,5.73,2.68,NA,NA,2.29,5.1,68.84,19,NA,10,8,6,1,3,NA,4
"216","k.16_398",2.99,8.42,8.2,NA,NA,NA,9.06,3.97,2.45,NA,NA,1.93,4.52,51.72,19,14,10,10,5,1,3,2,4
"217","k.16_424",4.63,11.05,11.54,NA,NA,NA,12.31,5.22,2.55,NA,NA,2.05,NA,71.12,19,14,10,9,6,1,3,4,4
"218","k.16_428",2.87,8.94,9.5,NA,NA,NA,9.89,4.81,5.75,NA,NA,2.04,6.13,57.31,19,NA,8,7,5,1,3,NA,4
"219","k.16_432",3.37,9.24,9.15,NA,NA,NA,9.65,4.2,2.51,NA,3.61,2.47,5.1,57.7,19,14,9,8,5,2,3,3,4
"220","k.16_436",2.34,7.63,7.75,NA,NA,NA,10.12,4.84,2.95,NA,4.44,2.47,4.37,53.64,19,14,9,9,9,2,3,3,4
"221","k.16_443",3.14,NA,NA,NA,NA,NA,12.31,5.96,3.23,3.54,4.74,2.44,5.6,69.54,19,14,9,8,6,3,3,5,4
"222","k.16_444",2.39,6.72,6.75,NA,NA,NA,7.48,4.19,1.98,NA,NA,1.97,NA,51.55,19,14,9,8,5,1,3,2,4
"223","k.15_025",3.27,8.1,8.8,NA,NA,NA,10.77,4,2.33,NA,4.12,1.86,4.92,59.78,19,14,10,9,5,2,3,3,5
"224","k.15_033",2.25,6.04,NA,NA,NA,NA,6.91,4.27,2.19,NA,NA,1.82,4.43,45.54,19,15,10,9,5,1,3,2,5
"225","k.15_041",3.46,8.95,8.52,NA,NA,NA,10.09,4.93,1.97,NA,NA,1.34,4.75,69.62,18,14,9,9,5,1,3,2,5
"226","k.15_045",NA,7.17,7.8,NA,NA,NA,7.17,4.41,2.21,NA,3.6,1.62,NA,52.21,20,14,9,8,5,2,3,3,5
"227","k.15_059",NA,NA,9.91,NA,2.54,6.84,9.38,NA,2.17,NA,NA,2.1,7.07,68.74,19,14,10,8,5,1,2.4,2,5
"228","k.15_067",3.29,8.4,NA,NA,1.68,7.35,9.03,NA,2.79,NA,NA,NA,5.87,64.63,20,14,9,8,5,0,2.2,2,5
"229","k.15_068",3.26,8,8.9,NA,NA,NA,9.77,5.26,2.25,NA,NA,1.74,6.05,67.68,19,14,9,8,6,1,3,3,5
"230","k.15_085",2.48,7.28,6.96,NA,NA,NA,8.89,5.16,2.62,NA,NA,NA,5.29,57.58,18,14,10,8,6,1,3,2,5
"231","k.15_090",3.96,8.39,9.11,NA,NA,NA,11.26,4.65,2.18,NA,NA,1.63,4.74,64.04,18,NA,10,10,8,1,3,3,5
"232","k.15_098",2.77,6.57,6.59,NA,NA,NA,9.32,4.32,1.93,NA,NA,1.88,4.54,59.81,19,14,9,8,6,1,3,3,5
"233","k.15_100",2.99,NA,NA,NA,NA,NA,10.42,5.42,3.08,NA,NA,1.94,6.11,66.93,18,14,10,9,5,1,3,2,5
"234","k.15_102",3.5,10.02,10.61,NA,4.62,NA,4.62,NA,2.13,NA,5,2.47,NA,68.15,18,14,10,9,5,2,1,3,5
"235","k.15_103",NA,NA,NA,NA,NA,NA,7.74,3.78,2.16,NA,NA,1.45,4.88,47.52,19,NA,9,8,5,1,3,3,5
"236","k.15_105",3.27,8.87,9.05,NA,NA,NA,11.35,4.35,2.29,NA,NA,1.46,4.66,67.38,19,14,10,9,5,1,3,2,5
"237","k.15_108",1.89,7.16,7.87,NA,NA,NA,8.17,5.62,1.65,2.12,4.13,1.95,3.86,44.18,19,14,9,7,6,3,3,3,5
"238","k.15_109",2.69,9.1,9.35,NA,NA,NA,9.39,5.17,2.73,NA,4.14,1.87,NA,58.98,19,14,10,8,5,2,3,3,5
"239","k.15_110",2.91,9.59,9.75,NA,NA,NA,9.62,6.02,2.89,NA,NA,1.9,4.85,63.63,19,15,10,9,5,1,3,2,5
"240","k.15_112",2.6,7,7.59,NA,NA,NA,8.15,4.86,1.75,NA,NA,NA,NA,55.25,18,14,10,9,5,0,3,2,5
"241","k.15_116",3.09,8.49,8.41,NA,2.39,9.2,11.59,NA,2.33,NA,NA,2.16,5.44,64.23,20,14,9,8,6,1,2.6,2,5
"242","k.15_117",NA,NA,NA,NA,NA,NA,6.64,3.65,1.23,NA,NA,1.35,3.4,41.07,20,14,9,8,6,1,3,3,5
"243","k.15_119",NA,NA,NA,NA,NA,NA,10.43,5.53,1.98,NA,NA,1.59,6.61,63.62,19,14,9,8,6,1,3,2,5
"244","k.15_121",2.78,8.64,NA,NA,NA,NA,9.58,4.74,2.34,NA,3.17,1.84,5.44,61.21,19,14,10,9,5,2,3,2,5
"245","k.15_124",3.05,8.91,9.49,NA,NA,NA,8.29,4.89,2.58,NA,NA,1.28,6.36,65.11,19,14,8,7,5,1,3,2,5
"246","k.15_125",4.15,8.24,NA,NA,1.34,NA,1.34,NA,2.29,NA,NA,NA,5.77,52.23,19,14,9,8,5,0,1,3,5
"247","k.15_126",3.6,9.9,10.37,NA,NA,NA,10.91,4.25,2.61,NA,3.75,2,3.81,59.43,18,14,10,9,5,2,3,2,5
"248","k.15_138",2.95,8.27,8.12,NA,NA,NA,11.64,4.76,2.47,NA,NA,2.16,5.74,58.36,19,14,9,9,5,1,3,2,5
"249","k.15_142",3.62,10.33,10.82,NA,NA,NA,10.41,5.43,2.49,NA,4.16,2.3,NA,69.14,19,14,9,8,5,2,3,2,5
"250","k.15_152",3.18,7.8,8.81,NA,NA,NA,8.25,4.54,1.98,NA,3.42,1.57,NA,62.97,18,14,10,9,5,2,3,2,5
"251","k.15_153",2.93,8.77,8.96,NA,NA,NA,9.39,5.7,1.87,NA,2.35,2.2,6.24,59.32,19,14,8,7,6,2,3,2,5
"252","k.15_129",3.54,9.27,9.82,NA,2.34,7.34,9.68,NA,2.07,NA,NA,2.02,6.22,70.43,19,14,9,8,5,1,2.2,2,5
"253","k.15_163",NA,5.42,6,NA,NA,NA,8.41,4.12,1.55,NA,NA,1.69,NA,44.1,19,14,8,7,5,1,3,3,5
"254","k.15_164",2.81,6.34,6.64,NA,NA,NA,7.54,3.42,2.02,NA,NA,1.89,4.25,52.89,19,NA,9,8,5,1,3,2,5
"255","k.15_166",3.57,8.24,8.73,NA,NA,NA,8.85,4.24,1.95,NA,NA,1.68,5.11,58.19,19,14,9,8,5,1,3,2,5
"256","k.15_170",2.85,8.55,8.66,NA,NA,NA,10.08,4.7,2.65,NA,NA,1.77,5.04,52.24,19,14,10,9,6,1,3,4,5
"257","k.15_177",NA,8.78,9.56,NA,NA,NA,9.11,3.71,2.44,NA,NA,1.5,5.38,64.21,19,14,9,9,6,1,3,3,5
"258","k.15_182",3.02,8.24,8.72,NA,NA,NA,10.12,4.43,2.24,NA,NA,1.36,5.39,54.18,19,14,9,8,5,1,3,3,5
"259","k.15_183",NA,10.67,10.64,NA,NA,NA,11,5.34,2.97,NA,NA,1.77,5,61.65,19,14,10,8,5,1,3,2,5
"260","k.15_188",3.81,11.29,11.41,NA,NA,NA,14.2,6.45,2.64,NA,NA,2.04,6.14,66.79,20,14,10,9,5,1,3,3,5
"261","k.15_196",3.83,9.98,9.55,NA,NA,NA,11.16,4.23,2.09,NA,4.2,1.89,5.7,57.79,19,14,11,8,5,2,3,3,5
"262","k.15_197",3.94,8.94,8.92,NA,NA,NA,8.44,4.84,2.09,NA,NA,1.74,NA,56.09,19,14,9,8,6,1,3,4,5
"263","k.15_205",3.45,9.4,10.4,NA,NA,NA,10.84,4.81,1.62,NA,NA,1.46,4.71,56.3,19,14,9,8,5,1,3,2,5
"264","k.15_207",2.13,7.92,8.36,NA,2.4,NA,2.4,NA,2.71,NA,4.8,2.09,5.15,62.7,19,14,9,8,5,2,1,3,5
"265","k.15_211",3.18,10.36,10.95,NA,NA,NA,10.48,4.11,2.31,NA,NA,NA,6.34,73,18,NA,10,8,5,0,3,3,5
"266","k.15_222",3.6,7.3,NA,NA,NA,NA,9.54,5.02,1.85,NA,NA,1.36,NA,54.29,20,14,10,9,5,1,3,2,5
"267","k.15_215",3.92,9.78,10.29,NA,NA,NA,12.94,4.67,2.31,2.47,3.94,1.91,5.24,62.17,19,14,10,8,5,3,3,2,5
"268","k.15_220",2.99,9.58,10.25,NA,NA,NA,8.73,3.15,2.31,NA,NA,1.85,5.48,63.93,19,14,9,8,6,1,3,3,5
"269","k.15_223",3.45,8.97,9.26,NA,NA,NA,10.12,4.88,2.2,NA,NA,2,6.2,63.58,19,14,9,8,6,1,3,2,5
"270","k.15_228",2.71,9.36,9.74,NA,NA,NA,7.68,4.75,1.94,NA,NA,1.95,6.46,61.55,19,14,9,8,6,1,3,3,5
"271","k.14_001",NA,7.27,NA,NA,2.04,5.68,7.72,NA,3.33,NA,NA,1.86,NA,57.21,19,14,10,8,5,1,2,3,6
"272","k.14_002",2.36,5.14,NA,NA,NA,NA,7.58,3.76,NA,NA,NA,NA,3.43,41.06,19,NA,9,8,NA,0,3,NA,6
"273","k.14_003",NA,9.38,NA,NA,1.91,5.75,6.66,NA,2.06,NA,NA,2.1,NA,59.07,20,14,10,9,5,1,2,3,6
"274","k.14_004",3.16,NA,NA,NA,NA,NA,6.27,3.58,1.32,NA,NA,2.17,4.27,52.4,19,NA,9,9,5,1,3,2,6
"275","k.14_005",3.52,9.3,9.15,NA,2.82,5.62,8.44,NA,2.42,NA,3.82,1.62,NA,72.42,20,14,10,9,5,2,2.2,2,6
"276","k.14_007",2.49,8.55,NA,NA,NA,NA,9.14,4.71,2.34,NA,NA,1.77,5.43,65.23,19,14,10,9,5,1,3,2,6
"277","k.14_008",2.66,8.39,8.83,NA,2.08,5.99,7.07,NA,2.02,NA,NA,2.1,4.09,53.01,19,14,10,9,5,1,2,3,6
"278","k.14_009",2.06,7.04,NA,NA,1.27,3.32,4.59,NA,2.02,NA,NA,1.88,5.01,52.54,19,14,8,8,6,1,1.8,4,6
"279","k.14_010",2.59,7.82,NA,NA,NA,NA,8.84,5.08,3.13,2.26,4.2,2.15,4.43,58.11,19,14,10,8,5,3,3,2,6
"280","k.14_013",2.68,7.87,8.69,NA,NA,NA,9.16,4.56,1.94,NA,NA,1.9,3.9,46.65,19,13,10,8,5,1,3,3,6
"281","k.14_014",2.51,7.62,8.31,NA,3.15,6.28,9.43,NA,1.51,NA,NA,1.88,4.7,51.56,19,14,9,8,5,1,2,3,6
"282","k.14_015",1.8,5.54,NA,NA,NA,NA,7.51,3.43,0.95,NA,NA,0.95,3.69,43.07,20,14,11,9,5,1,3,2,6
"283","k.14_019",2.32,8.27,NA,NA,1.99,5.39,7.38,NA,2.27,NA,4.11,1.84,NA,52.39,19,14,9,8,5,2,2.2,3,6
"284","k.14_021",1.93,NA,NA,NA,NA,NA,5.55,4.17,0.96,NA,NA,1.53,3.18,41.06,20,14,9,7,5,1,3,2,6
"285","k.14_023",2.06,5.89,5.81,NA,NA,NA,NA,NA,1.62,NA,2.37,1.38,4.59,48.54,19,14,9,7,5,2,3,2,6
"286","k.14_025",NA,6.26,NA,NA,1.9,NA,1.9,NA,0.91,NA,NA,1.36,NA,39.11,19,NA,9,8,7,1,1,4,6
"287","k.14_028",3.19,8.53,9.25,NA,NA,NA,11.15,5.19,2.59,NA,NA,1.87,5.04,73.45,19,14,10,8,5,1,3,2,6
"288","k.14_030",1.77,NA,NA,NA,NA,NA,NA,NA,1.31,NA,NA,1.7,3.82,44.1,20,14,10,9,5,1,NA,2,6
"289","k.14_031",1.57,5.81,6.38,NA,NA,NA,7.35,3.87,2.14,NA,NA,1.71,NA,49.3,19,14,9,8,5,1,3,2,6
"290","k.14_037",NA,7.1,NA,NA,NA,NA,7.74,3.42,1.81,NA,NA,1.82,3.48,40.99,20,14,8,7,5,1,3,3,6
"291","k.14_038",2.04,NA,6.17,NA,2.55,NA,2.55,NA,2.47,NA,NA,1.69,3.82,52.78,20,NA,10,9,5,1,1,3,6
"292","k.14_039",3.71,8.64,8.62,NA,1.35,NA,1.35,NA,1.97,NA,NA,1.45,4.68,57.08,20,14,11,9,5,1,1,3,6
"293","k.14_042",2.02,7.69,7.25,NA,1.9,NA,1.9,NA,3.15,NA,NA,1.91,4.13,58.59,19,13,8,7,6,1,1,3,6
"294","k.14_043",NA,7.23,7.73,NA,2.22,NA,2.22,NA,2.56,NA,NA,1.53,3.79,44,19,14,8,8,5,1,1,3,6
"295","k.14_044",NA,8.06,8.21,NA,1.47,2.45,3.92,NA,1.6,NA,NA,1.08,NA,60.68,19,14,10,8,5,1,1.6,NA,6
"296","k.14_051",2.18,5.96,NA,NA,0.63,2.98,3.61,NA,1.51,NA,NA,2.04,NA,41.58,19,14,10,8,5,1,2,3,6
"297","k.14_054",NA,9.54,10.54,NA,1.5,4.26,5.76,NA,1.77,NA,NA,1.54,4.14,52.72,19,14,9,8,5,1,2,2,6
"298","k.14_055",2.39,6.09,6.62,NA,NA,NA,7.53,4.24,1.36,NA,NA,1.39,5.26,44.14,20,14,12,9,5,1,3,2,6
"299","k.14_058",NA,5.09,5.72,NA,1.61,5.33,6.94,NA,2.43,NA,NA,1.42,NA,51.81,20,14,9,8,5,1,2,NA,6
"300","k.14_061",1.94,6.74,6.78,NA,NA,NA,6.65,4.32,1.52,2.46,3.89,1.67,5.04,52.01,19,15,11,9,5,3,3,2,6
"301","k.14_063",2.24,7.31,7.62,NA,1.01,NA,1.01,NA,1.66,NA,NA,1.57,NA,43.29,19,14,9,8,5,1,1,3,6
"302","k.14_066",2.8,8.19,8.56,NA,NA,4.75,NA,NA,2.26,NA,NA,NA,4.94,63.63,19,14,8,7,5,0,2,2,6
"303","k.14_067",2.56,7.26,7.19,NA,1.39,5.94,7.33,NA,2.21,NA,NA,1.85,NA,45.05,19,NA,9,8,5,1,2.2,3,6
"304","k.14_070",NA,7.48,7.88,NA,NA,NA,NA,NA,2.12,NA,NA,1.69,4.3,50.94,19,14,9,9,6,1,0,2,6
"305","k.14_071",3.12,8.86,9.16,NA,NA,NA,12.49,4.95,2.14,NA,NA,1.51,5.69,59.79,19,14,9,8,5,1,3,2,6
"306","k.14_074",1.93,7.99,NA,NA,2.55,6.33,8.88,NA,NA,NA,NA,1.65,5.27,63.91,19,14,10,9,4,1,2.2,1,6
"307","k.14_078",2.39,9.29,9.51,NA,NA,NA,9.78,4.51,3.5,NA,NA,2.05,4.86,63.02,20,14,10,9,5,1,3,2,6
"308","k.14_079",2.1,5.77,6,NA,1.72,3.35,5.07,NA,NA,NA,NA,NA,2.89,36.13,18,14,11,9,4,0,2.4,1,6
"309","k.14_083",2.19,6.08,6.55,NA,NA,NA,7.61,3.89,1.85,NA,NA,1.37,NA,43.93,19,14,9,8,6,1,3,5,6
"310","k.14_084",3.58,10.17,10.11,NA,NA,7.37,NA,NA,1.99,NA,NA,2.18,4.69,66.64,20,14,10,8,6,1,2.4,2,6
"311","k.14_087",2.76,8.05,8,NA,NA,NA,8.3,4.42,1.58,NA,NA,1.8,3.89,63.75,19,14,10,8,5,1,3,2,6
"312","k.14_095",3.61,10.16,NA,NA,2.5,6.7,9.2,NA,2.73,NA,NA,2.38,5.16,69.75,19,14,9,8,5,1,2.4,3,6
"313","k.14_096",1.11,4.89,NA,NA,1.08,NA,1.08,NA,1.54,NA,NA,1.63,3.31,35.53,20,NA,11,9,5,1,1,2,6
"314","k.14_097",1.8,5.54,5.46,NA,1.32,NA,1.32,NA,1.59,NA,NA,1.67,NA,37.56,19,14,9,8,5,1,1,2,6
"315","k.14_098",2.31,8.03,8.28,NA,1.91,NA,1.91,NA,1.96,NA,NA,1.97,4.37,54.14,19,14,9,8,6,1,1,3,6
"316","k.14_103",3.26,8.11,7.91,NA,NA,NA,7.83,5.74,1.53,NA,NA,1.76,3.89,54.53,20,14,10,8,5,1,3,2,6
"317","k.14_107",3.53,8.17,8.75,NA,2.41,NA,2.41,NA,2.53,NA,3.74,1.68,3.85,64.5,19,14,10,8,5,2,1,2,6
"318","k.14_108",2.7,NA,6.86,NA,2.17,NA,2.17,NA,1.79,NA,NA,1.81,4.17,48.08,19,14,8,7,5,1,1,2,6
"319","k.14_116",2.23,7.4,NA,NA,2.35,NA,2.35,NA,2.75,NA,NA,1.66,5.25,43.33,18,14,9,8,5,1,1,3,6
"320","k.14_119",2.26,7.1,7.59,NA,2.16,NA,2.16,NA,1.94,NA,NA,1.7,NA,59.2,19,14,9,8,6,1,1,3,6
"321","k.14_120",2.72,7.7,NA,NA,NA,NA,7.21,5.2,2.34,NA,NA,2.25,5.02,51.09,19,14,10,8,5,1,3,3,6
"322","k.14_132",1.81,6.14,6.62,NA,1.2,3.1,4.3,NA,1.99,NA,3.73,1.7,2.76,41.62,19,13,9,9,5,2,2,3,6
"323","k.14_134",2.76,7.86,7.92,NA,1.9,4.05,5.95,NA,2.82,NA,NA,1.17,3.81,58.25,19,14,9,8,5,1,2.2,2,6
"324","k.14_135",3.93,9.94,9.77,NA,2.94,5.36,8.3,NA,2.59,NA,NA,1.85,4.78,67.7,18,14,10,8,6,1,2,2,6
"325","k.14_138",1.87,NA,NA,NA,NA,NA,5.42,3.7,1.81,NA,NA,1.76,NA,42.66,20,14,9,9,7,1,3,5,6
"326","k.14_147",2.31,7.99,7.73,NA,1.91,NA,1.91,NA,1.84,2.41,NA,NA,3.83,48.29,19,14,9,8,5,1,1,2,6
"327","k.14_150",1.74,5.99,NA,NA,1.47,NA,1.47,NA,1.32,NA,NA,1.67,NA,41.91,19,14,9,8,5,1,1,2,6
"328","k.14_155",2.28,8.16,7.88,NA,1.92,NA,1.92,NA,2.15,NA,3.56,1.54,4.54,52.52,19,14,10,9,6,2,1,3,6
"329","k.14_157",3.69,9.91,10.68,NA,2.7,NA,2.7,NA,2.52,NA,NA,2.08,4.81,60.98,19,14,10,9,6,1,1,5,6
"330","k.14_158",2.7,7.44,7.82,NA,1.88,NA,1.88,NA,2.5,NA,NA,1.54,3.9,58.08,19,14,9,8,5,1,1,2,6
"331","k.14_163",2.22,7.54,7.42,NA,1.47,3.72,5.19,NA,1.98,NA,NA,1.43,4.2,55.26,20,14,9,8,5,1,2,2,6
"332","k.14_164",2.63,7.29,7.32,NA,NA,NA,8.18,4.5,1.81,NA,3.83,1.82,4.92,46.35,20,NA,11,9,6,2,3,3,6
"333","k.14_166",2.33,8.57,8.14,NA,1.22,NA,1.22,NA,1.52,NA,NA,2.02,4.77,47.07,19,14,9,8,6,1,1,4,6
"334","k.14_167",NA,7.52,7.89,NA,NA,NA,8.37,4.43,2.26,NA,NA,1.75,4.76,56.49,19,14,8,7,5,1,3,2,6
"335","k.14_171",2,7.92,8.68,NA,NA,NA,8.17,4.62,2.6,NA,NA,1.72,5.44,61.08,19,14,8,7,5,1,3,2,6
"336","k.14_172",3.22,NA,NA,NA,NA,NA,9.49,4.75,1.94,NA,NA,1.8,NA,53.59,19,14,9,8,5,1,3,2,6
"337","k.14_175",2.66,7.69,NA,NA,2.43,4.96,9.39,NA,1.99,NA,3.7,1.89,NA,60.7,19,14,8,8,6,2,2,2,6
"338","k.13_229",3.72,9.55,9.76,NA,NA,6.94,NA,NA,1.9,NA,2.96,1.32,4.4,61.76,20,14,10,8,6,2,2.2,3,7
"339","k.13_234",3.37,9.79,9.09,NA,2.26,7.36,9.62,NA,2.13,NA,NA,2.17,4.68,60.58,19,14,9,8,6,1,2.2,3,7
"340","k.13_235",2.18,7.1,7.8,NA,NA,NA,8.95,5.15,1.94,NA,NA,2.01,3.47,57.11,19,14,11,10,5,1,3,2,7
"341","k.13_236",3.71,11.1,10.78,NA,NA,NA,NA,NA,2.3,NA,NA,NA,6.31,69.56,19,14,10,9,5,0,NA,2,7
"342","k.13_237",2.72,8.31,8.36,NA,2.13,6.37,8.5,NA,1.42,NA,NA,1.62,NA,53.38,19,14,10,9,5,1,2.2,2,7
"343","k.13_238",3.23,10.83,10.51,NA,1.92,5.28,7.2,NA,2.9,NA,NA,2.14,4.57,66.99,20,14,10,9,5,1,2.2,3,7
"344","k.13_239",3.05,10.29,10.64,NA,NA,NA,11.47,5.53,2.08,NA,NA,2.29,NA,60.32,19,14,10,8,5,1,3,2,7
"345","k.13_240",3.79,10.61,9.67,NA,2.89,NA,2.89,NA,1.7,NA,3.26,1.87,NA,61.53,20,14,9,9,6,2,1,3,7
"346","k.13_241",2.43,8.27,8.86,NA,NA,NA,10.05,5.99,1.73,NA,NA,NA,5.52,64.69,19,14,9,8,5,0,3,1,7
"347","k.13_242",4.05,10.5,10.29,NA,NA,NA,11.25,5.46,1.96,NA,NA,NA,4.54,73.5,19,14,10,8,5,0,3,2,7
"348","k.13_244",2.95,9.2,NA,NA,NA,NA,10.32,6.23,1.83,NA,NA,2.11,NA,61.01,19,14,10,9,5,1,3,2,7
"349","k.13_257",NA,7.56,8.32,NA,NA,NA,10.26,5.12,2.21,NA,NA,2.23,4.04,49.96,18,14,10,8,5,1,3,3,7
"350","k.13_259",2.54,7.06,7.81,NA,NA,NA,9.88,4.28,3.47,NA,4.28,1.76,4.04,57.03,19,14,9,8,5,2,3,3,7
"351","k.13_260",2.63,NA,7.41,NA,NA,NA,8.17,4.83,2.02,NA,NA,1.97,NA,56.65,20,14,10,9,5,1,3,2,7
"352","k.13_264",2.62,7.89,7.9,NA,1.64,4.07,5.71,NA,2.4,NA,NA,1.79,NA,51.02,20,14,10,8,5,1,1.8,2,7
"353","k.13_269",2.46,8.76,9.06,NA,2.55,NA,2.55,NA,2.17,NA,NA,1.89,NA,58.21,18,14,8,7,5,1,1,3,7
"354","k.13_271",2.96,10.25,10.33,NA,NA,NA,10.16,5.73,2.01,NA,NA,1.97,NA,67.38,20,14,8,8,6,1,3,4,7
"355","k.13_276",3.47,7.83,NA,NA,NA,NA,8.47,3.84,1.96,NA,NA,1.77,5.21,63.47,19,14,9,8,6,1,3,2,7
"356","k.13_280",3.22,9.93,NA,NA,2.71,8.33,11.04,NA,2.19,NA,NA,1.95,NA,68.48,19,14,10,9,5,1,2.2,2,7
"357","k.13_281",3.62,9.62,9.83,NA,3.55,NA,3.55,NA,2.69,NA,4.35,2.13,5.14,63.62,19,14,9,8,6,2,1,4,7
"358","k.13_282",2.12,5.24,NA,NA,NA,NA,8.01,4.46,1.63,NA,NA,1.67,NA,58.15,18,14,9,8,5,1,3,2,7
"359","k.13_283",3.06,8.97,NA,NA,NA,NA,9.91,4.72,2.49,NA,NA,1.61,4.69,60.71,19,14,11,9,6,1,3,2,7
"360","k.13_284",3.12,9.5,10.55,NA,NA,NA,8.23,4.12,2.26,NA,NA,2.45,5.28,59.79,19,14,10,9,7,1,3,3,7
"361","k.13_285",2.94,9.45,10.29,NA,NA,NA,9.09,3.55,2.24,NA,NA,1.5,4.89,57.86,19,14,10,7,6,1,3,2,7
"362","k.13_290",3.69,10.47,10.7,NA,2.38,NA,2.38,NA,2.32,NA,3.47,1.67,NA,75.62,18,14,9,8,5,2,1,2,7
"363","k.13_291",2.97,8.83,10.12,NA,2.98,5.4,7.38,NA,2.82,NA,NA,1.94,NA,53.63,19,14,9,8,5,1,2.4,3,7
"364","k.13_304",3.42,NA,10.94,NA,NA,NA,11.83,5.8,1.79,NA,3.11,2.14,NA,71.7,20,14,10,9,6,2,3,3,7
"365","k.13_306",2.12,6.21,6.24,NA,NA,NA,6.79,3.6,1.36,NA,NA,NA,NA,45.15,18,14,8,7,5,0,3,2,7
"366","k.13_307",3.31,9.8,NA,NA,NA,NA,8.11,5.75,1.36,NA,NA,2.38,NA,61.93,19,14,10,9,5,1,3,2,7
"367","k.13_309",2.52,7.89,8.35,NA,NA,NA,8.56,4.02,2.18,NA,NA,1.9,5.25,49.79,19,14,9,7,5,1,3,3,7
"368","k.13_312",3.1,8.94,9.43,NA,2.66,5.2,7.86,NA,1.9,NA,NA,1.64,NA,63.4,19,14,10,9,5,1,2.4,2,7
"369","k.13_313",NA,10.42,10.86,NA,NA,NA,11.09,4.37,2.55,NA,3.05,1.91,6.07,63.88,19,14,9,8,6,2,3,4,7
"370","k.13_316",3.76,10.94,11.09,NA,NA,NA,11.71,6.07,2.33,NA,NA,1.53,7.46,72.8,19,14,10,9,5,1,3,2,7
"371","k.13_318",NA,9.48,8.78,NA,2.15,3.33,5.48,NA,3.21,NA,3.59,NA,5.55,61.33,19,14,9,8,5,1,2,2,7
"372","k.13_321",3.48,9.43,10.12,NA,2.26,4.86,7.12,NA,2.66,NA,NA,2.15,5.53,67.78,20,14,11,9,5,1,2,2,7
"373","k.13_326",NA,9.28,NA,NA,2.44,5.79,8.23,NA,2.05,NA,3.2,2.09,5.88,65.06,18,14,9,8,5,2,2.4,2,7
"374","k.13_328",3.18,9.78,10.58,NA,NA,7.18,NA,NA,2.17,NA,NA,1.89,5.16,65.32,19,14,8,8,5,1,2.4,2,7
"375","k.13_331",1.61,6.46,6.59,NA,NA,NA,8.38,5.17,1.65,NA,NA,1.75,3.81,18.13,19,14,10,8,5,1,3,3,7
"376","k.13_332",2.88,9.33,9.36,NA,2,6.91,8.91,NA,1.93,NA,3.71,2.02,4.73,56.49,19,14,10,9,5,2,2.4,2,7
"377","k.13_333",2.87,10.21,10.18,NA,NA,NA,11.11,7.13,2.14,NA,NA,2.33,5.52,63.6,19,14,9,8,5,1,3,2,7
"378","k.13_337",2.36,6.89,NA,NA,NA,NA,8.57,5.81,2.52,NA,NA,1.82,4.44,52.34,20,14,10,9,5,1,3,2,7
"379","k.13_339",1.39,5.44,6.09,NA,2.27,NA,2.27,NA,1.6,NA,2.6,1.16,3.24,35.59,19,14,9,8,6,2,1,4,7
"380","k.13_340",3.28,11.21,11.62,NA,1.68,3.81,5.39,NA,1.85,NA,NA,NA,5,69.2,19,14,8,8,6,0,1.4,2,7
"381","k.13_341",3.3,NA,NA,NA,2.29,1.2,3.49,NA,2.59,NA,NA,2.22,NA,69.04,19,14,9,8,5,1,1.2,2,7
"382","k.13_356",3.09,10.26,10.05,NA,NA,NA,10.62,4.75,1.84,NA,NA,1.71,5.93,58.64,19,14,9,8,6,1,3,2,7
"383","k.13_357",4.01,10.87,NA,NA,3.3,7.63,10.9,NA,2.96,NA,NA,1.89,5.75,66.32,19,14,10,9,5,1,2.4,2,7
"384","k.13_366",4.35,10.44,10.43,NA,NA,NA,13.36,5.6,2.76,NA,NA,2.67,5.66,73.47,19,14,9,8,6,1,3,4,7
"385","k.13_368",4.28,11.44,11.51,NA,NA,NA,10.78,6.1,2.43,NA,NA,2.38,NA,79.12,19,14,10,9,6,1,3,2,7
"386","k.13_369",3.61,10.56,10.39,NA,3.03,NA,3.03,NA,2.75,NA,NA,NA,6.23,70.6,20,14,10,9,5,0,1,3,7
"387","k.13_371",2.91,10.76,9.88,NA,NA,NA,11.08,5.03,2.13,NA,NA,1.44,NA,66.74,19,14,8,8,5,1,3,2,7
"388","k.13_375",4.01,11.61,11.65,NA,NA,NA,12.85,5.12,2.28,NA,4.01,2.15,6.53,70.41,18,14,9,8,5,2,3,2,7
"389","k.13_381",NA,9.43,NA,NA,NA,NA,10.82,5.5,2.14,NA,NA,1.89,NA,62.88,19,14,10,9,5,1,3,3,7
"390","k.13_390",2.89,7.16,7.64,NA,NA,NA,9.12,4.47,2.55,NA,NA,1.78,4.55,54.06,19,14,9,8,6,1,3,2,7
"391","k.13_391",NA,9.61,10.35,NA,NA,7.3,NA,NA,2.01,NA,NA,2,5.57,67.96,19,14,10,9,5,1,2.2,2,7
"392","k.13_393",2.67,6.27,6.9,NA,1.64,3.37,5.01,NA,1.61,NA,NA,1.75,4.72,49.63,20,14,8,8,5,1,2.2,2,7
"393","k.12_205",2.26,7.54,7.38,NA,NA,NA,7.15,3.24,1.03,NA,NA,NA,NA,56.84,19,NA,9,8,5,0,3,2,8
"394","k.12_209",2.24,7.55,7.66,NA,NA,NA,7.85,4.1,2.1,NA,NA,1.64,NA,52.98,19,14,10,9,6,1,3,3,8
"395","k.12_213",3.07,NA,NA,NA,NA,3.78,NA,NA,2.3,NA,3.38,1.89,4.77,48.92,19,14,9,8,5,2,2,3,8
"396","k.12_214",3.15,10.44,NA,NA,2.19,NA,2.19,NA,2.58,NA,3.86,1.82,NA,54.91,19,14,9,8,5,2,1,3,8
"397","k.12_221",2.43,8.42,NA,NA,1.86,2.05,3.91,NA,NA,NA,NA,1.56,5.46,52.57,20,14,8,7,5,1,2.2,2,8
"398","k.12_222",3.88,NA,NA,NA,3.66,NA,3.66,NA,2.26,NA,NA,2.29,7.29,72.6,19,14,10,9,5,1,1,3,8
"399","k.12_225",4.24,10.32,NA,NA,3.45,8.04,11.49,NA,2.44,NA,NA,2.04,6.98,70.07,19,14,9,8,5,1,2.2,3,8
"400","k.12_226",3.75,9.1,9.74,NA,NA,NA,NA,NA,2.01,NA,NA,NA,NA,67.27,19,14,10,9,5,0,0,NA,8
"401","k.12_229",NA,8.12,8.05,NA,2.43,NA,2.43,NA,2.17,NA,NA,1.6,5.6,62.27,18,15,9,8,5,1,1,3,8
"402","k.12_230",3.05,9.21,NA,NA,2.82,NA,2.82,NA,1.99,NA,NA,1.82,NA,58.07,19,14,10,9,5,1,1,2,8
"403","k.12_237",2.62,8.2,NA,NA,2.54,NA,2.54,NA,1.48,NA,NA,1.78,5.02,47.1,19,14,10,9,5,1,1,2,8
"404","k.12_241",2.88,7.69,8.09,NA,NA,NA,8.33,3.92,1.39,NA,NA,NA,NA,55.28,20,14,10,8,5,0,3,2,8
"405","k.12_245",NA,6.77,6.41,NA,NA,NA,7.08,4.04,1.74,NA,NA,1.53,NA,47.19,19,14,9,8,5,1,3,3,8
"406","k.12_249",2.37,6.85,7.15,NA,NA,NA,NA,NA,2.07,NA,3.15,1.47,NA,47.09,18,14,9,9,5,2,0,2,8
"407","k.12_250",3.72,11.86,NA,NA,3.27,NA,3.27,NA,1.98,NA,NA,1.7,NA,65.33,20,14,10,9,5,1,1,2,8
"408","k.12_254",2.27,6.76,NA,NA,NA,NA,6.99,3.13,2.03,NA,NA,1.45,NA,43.8,19,14,9,8,5,1,3,2,8
"409","k.12_256",2.58,7.68,7.99,NA,2.25,NA,2.25,NA,2.13,NA,NA,2.13,NA,58.12,19,14,9,8,5,1,1,2,8
"410","k.12_257",2.65,7.37,7.93,NA,2.59,NA,2.59,NA,1.85,NA,NA,1.3,4.51,49.14,19,14,8,7,5,1,1,2,8
"411","k.12_263",4.01,10.74,10.11,NA,2.33,NA,2.33,NA,2.47,NA,NA,1.77,NA,69.51,18,15,9,8,6,1,1,3,8
"412","k.12_264",3.08,8.5,NA,NA,1.87,NA,1.87,NA,2.66,NA,NA,1.85,NA,56.48,20,14,10,9,6,1,1,4,8
"413","k.12_265",2.5,8.22,NA,NA,1.56,NA,1.56,NA,1.78,NA,NA,1.61,NA,52.7,19,14,9,8,5,1,1,2,8
"414","k.12_266",3.03,8.94,9.19,NA,2.57,4.24,6.81,NA,1.9,NA,NA,NA,4.42,51.73,19,14,10,9,5,0,2,3,8
"415","k.12_267",2.68,6.51,6.75,NA,1.82,4.65,6.37,NA,1.92,NA,NA,1.79,4.4,43.65,19,14,9,8,5,1,2,3,8
"416","k.12_271",2.79,8.16,NA,NA,2.67,1.9,4.57,NA,1.94,NA,NA,1.81,NA,56.77,20,14,9,8,6,1,1.2,2,8
"417","k.12_285",3.7,10.03,10.99,NA,2.57,NA,2.57,NA,2.72,NA,NA,NA,NA,70.21,19,NA,9,8,5,0,1,NA,8
"418","k.12_287",2.99,7.9,NA,NA,NA,NA,8.11,4.04,1.78,NA,NA,1.74,5.25,48.9,20,14,9,8,6,1,3,3,8
"419","k.12_290",NA,7.28,7.4,NA,2.87,NA,2.87,NA,NA,NA,NA,1.79,NA,50.97,19,14,9,8,4,1,1,1,8
"420","k.12_291",2.64,8.38,8.28,NA,4.01,NA,4.01,NA,1.67,NA,NA,1.88,5.4,54.36,19,14,9,8,5,1,1,2,8
"421","k.12_292",2.73,7.35,6.99,NA,2.47,NA,2.47,NA,1.92,NA,NA,1.73,NA,50.95,19,14,10,9,5,1,1,2,8
"422","k.12_296",2.67,7.97,7.47,NA,NA,NA,8.87,4.16,2.61,NA,NA,1.63,4.76,47.83,19,14,10,9,5,1,3,3,8
"423","k.12_298",4.78,NA,NA,NA,2.18,NA,2.18,NA,3,NA,3.96,2.53,8.07,94.3,19,14,10,9,5,2,1,2,8
"424","k.12_299",2.54,8.74,8.26,NA,2.21,4.92,7.13,NA,NA,NA,NA,2.1,5.88,58.31,19,14,9,8,NA,1,2.4,NA,8
"425","k.12_302",4.26,9.92,10.71,NA,4.57,8.66,13.23,NA,2.53,NA,NA,1.66,6.68,70.55,19,14,11,9,5,1,2.6,2,8
"426","k.12_303",3.67,9.89,NA,NA,1.69,NA,1.69,NA,2.58,NA,NA,2.48,7.39,72.65,19,14,9,9,5,1,1,2,8
"427","k.12_308",2.58,7.38,NA,NA,1.3,NA,1.3,NA,0.98,NA,NA,1.82,NA,48.41,18,14,10,9,5,1,1,2,8
"428","k.12_311",2.53,7.52,7.34,NA,1.89,NA,1.89,NA,1.71,NA,NA,1.72,4.58,44.52,19,14,9,8,6,1,1,4,8
"429","k.12_314",2.86,8.1,8.52,NA,1.79,NA,1.79,NA,1.99,NA,NA,1.92,4.83,52.77,19,NA,11,9,5,1,1,2,8
"430","k.12_335",2.88,9.24,NA,NA,2.27,NA,2.27,NA,2.32,NA,3.35,1.5,5.37,57.41,19,13,9,8,5,2,1,3,8
"431","k.12_344",4.19,10.32,10.88,NA,3.07,8.46,11.53,NA,2.84,NA,NA,1.74,7.19,63.89,20,14,9,8,5,1,2,2,8
"432","k.12_347",3.54,10.1,NA,NA,2.97,5.91,8.88,NA,2.34,NA,NA,1.68,NA,67.56,19,14,9,8,5,1,2.2,2,8
"433","k.12_186",2.52,6.74,7.04,NA,2.41,NA,2.41,NA,1.51,NA,NA,1.55,4.7,51.42,19,14,10,9,5,1,1,2,8
"434","k.12_190",2.88,7.88,NA,NA,2.3,NA,2.3,NA,0.69,NA,NA,1.5,5.44,50.91,18,14,9,8,5,1,1,2,8
"435","k.11_003",3.57,8.54,9.52,NA,2.9,3.03,5.93,NA,2.02,NA,3.88,1.71,6.9,69.07,19,14,10,9,5,2,1.2,2,9
"436","k.11_006",NA,6.01,NA,NA,1.15,2.61,3.76,NA,2.32,NA,4.12,1.81,3.6,38.62,19,NA,9,8,6,2,2.2,4,9
"437","k.11_007",2.54,6.17,6.18,NA,2.35,NA,2.35,NA,1.49,NA,3.65,1.5,4.03,48.43,20,14,9,8,5,2,1,3,9
"438","k.11_013",NA,6.97,NA,NA,1.71,0.57,2.28,NA,1.39,NA,NA,2.04,4.48,42,20,14,9,8,5,1,1.2,2,9
"439","k.11_020",1.89,6.25,NA,NA,1.12,3.77,4.89,NA,1.47,NA,NA,1.46,3.86,40.94,19,14,9,8,5,1,2.4,2,9
"440","k.11_024",2.38,10.22,NA,NA,1.56,NA,1.56,NA,1.89,NA,2.39,2.04,NA,61.97,19,14,9,8,5,2,1,3,9
"441","k.11_032",1.94,6.06,NA,NA,2.35,3.59,5.94,NA,1.47,NA,NA,1.53,3.67,42.36,20,14,10,8,5,1,2.2,2,9
"442","k.11_035",NA,NA,NA,NA,2.08,4.05,6.13,NA,2.28,NA,3.24,1.26,4.81,57.13,19,NA,9,8,NA,2,2.4,NA,9
"443","k.11_038",2.27,NA,NA,NA,1.36,NA,1.36,NA,NA,NA,NA,1.65,4.75,46.72,20,14,10,9,NA,1,1,NA,9
"444","k.11_042",NA,7,NA,NA,NA,NA,6.6,3.57,1.45,2.86,4.5,2.31,3.57,45.13,20,14,11,8,5,3,3,2,9
"445","k.11_045",NA,NA,9.62,NA,2.61,3.32,5.93,NA,1.82,NA,NA,0.99,NA,58.03,19,14,12,10,5,1,1.2,2,9
"446","k.11_046",NA,5.37,5.8,NA,2.05,NA,2.05,NA,1.12,NA,3.17,1.33,2.89,39.42,19,NA,9,8,6,2,1,3,9
"447","k.11_050",2.73,8.08,9.09,NA,2.27,NA,2.27,NA,1.7,NA,2.87,NA,NA,54.53,19,14,9,8,6,1,1,3,9
"448","k.11_051",NA,NA,NA,NA,1.3,NA,1.3,NA,1.33,NA,NA,1.29,3.19,38.09,19,14,9,8,5,1,1,2,9
"449","k.11_059",2.52,NA,NA,NA,0.77,2.66,3.33,NA,0.94,NA,NA,1.3,3.81,43.81,19,14,11,9,5,1,2,3,9
"450","k.11_060",2.26,6.23,NA,NA,1.6,NA,1.6,NA,1.86,NA,2.49,1.17,4.4,44.62,20,NA,9,8,5,2,1,3,9
"451","k.11_062",1.5,5.2,NA,NA,1,NA,1,NA,1.54,NA,NA,NA,3.31,39.14,19,14,9,8,5,0,1,1,9
"452","k.11_065",NA,6.6,6.26,NA,NA,NA,5.56,3.83,1.91,NA,3.03,1.42,3.93,43.49,20,14,10,8,5,2,3,3,9
"453","k.11_070",NA,5.23,6.28,NA,NA,NA,5.18,2.9,NA,NA,1.95,1.06,3.19,39.8,20,14,10,8,5,2,3,3,9
"454","k.11_071",NA,7.06,7.77,NA,2.3,NA,2.3,NA,1.65,NA,NA,1.22,4.5,45.08,19,14,10,10,5,1,1,2,9
"455","k.11_074",4.22,10.65,NA,NA,3.25,NA,3.25,NA,2.21,NA,NA,1.01,6.11,71.45,20,14,10,8,5,1,1,2,9
"456","k.11_075",1.92,5.87,6.05,NA,1.98,1.28,3.26,NA,0.78,NA,NA,1.63,3.72,41.55,19,14,10,8,5,1,1.2,2,9
"457","k.11_076",2.49,6.76,6.96,NA,1.92,NA,1.92,NA,1.41,NA,2.64,1.05,3.79,46.93,20,14,9,8,5,2,1,2,9
"458","k.11_083",2.02,NA,NA,NA,1.2,4.49,5.69,NA,1.36,NA,4.21,1.91,NA,45.38,19,NA,9,8,6,2,2,3,9
"459","k.11_084",3.58,NA,NA,NA,3.37,NA,3.37,NA,1.97,NA,NA,2.12,6.69,78.41,20,14,11,NA,5,1,1,2,9
"460","k.11_085",2,NA,7.01,NA,2.76,NA,2.76,NA,1.52,NA,NA,1.16,3.6,45.17,18,14,9,7,5,1,1,2,9
"461","k.11_086",NA,NA,NA,NA,NA,NA,NA,NA,1.81,NA,3.62,1.84,4.72,53.04,19,14,8,7,5,2,NA,3,9
"462","k.11_088",NA,6.29,NA,NA,NA,NA,6.9,3.12,1.63,NA,NA,1.33,3.34,45.61,20,14,10,8,5,1,3,3,9
"463","k.11_096",3.13,9.51,10.23,NA,3.26,NA,3.26,NA,1.87,NA,NA,NA,4.74,56.97,20,14,9,8,5,0,1,2,9
"464","k.11_102",2.76,7.52,7.95,NA,2.08,NA,2.08,NA,1.87,NA,NA,1.32,5.03,56.15,20,NA,10,9,6,1,1,3,9
"465","k.11_114",NA,NA,7.24,NA,NA,NA,6.16,2.82,NA,NA,NA,NA,4.25,45.31,19,14,10,8,NA,NA,3,NA,9
"466","k.11_117",1.99,6.83,7.16,NA,1.91,NA,1.91,NA,1.7,NA,3.82,0.89,3.77,43.9,20,14,9,8,6,2,1,3,9
"467","k.11_118",3.98,NA,NA,NA,3.05,NA,3.03,NA,1.61,NA,3.72,2.2,5.83,62.4,20,14,10,9,5,2,1,3,9
"468","k.10_006",NA,6.58,NA,NA,1.26,2.22,3.48,NA,1.11,NA,NA,NA,3.25,41.8,19,14,9,7,5,0,1.4,2,10
"469","k.10_016",2.28,6.32,6.86,NA,2.19,NA,2.19,NA,1.57,NA,4.2,1.77,4.61,44.96,20,NA,11,10,5,2,1,3,10
"470","k.10_019",1.92,NA,6.47,NA,1.75,NA,1.75,NA,1.43,NA,NA,1.4,4.06,39.42,19,14,10,9,5,1,1,2,10
"471","k.10_023",2.82,NA,NA,NA,2.19,NA,2.19,NA,1.63,NA,4.66,2.1,5.35,51.91,20,14,10,9,5,2,1,3,10
"472","k.10_030",2.36,7.56,NA,NA,2.34,2.46,4.8,NA,2.28,NA,NA,1.91,4.75,56.99,20,14,9,8,5,1,1.2,3,10
"473","k.10_033",1.88,5.26,NA,NA,1.9,NA,1.9,NA,1.27,NA,NA,1.91,3.85,40.92,20,13,10,9,5,1,1,3,10
"474","k.10_035",NA,6,5.92,NA,2.52,NA,2.52,NA,1.36,NA,4.04,1.73,4.17,41.65,19,14,9,8,5,2,1,3,10
"475","k.10_041",2.83,NA,NA,8.64,NA,NA,NA,NA,1.94,NA,NA,2,6.46,63.62,20,NA,10,8,5,1,NA,3,10
"476","k.10_051",4.51,9.38,NA,NA,2.72,NA,2.72,NA,2.34,NA,NA,1.56,5.84,54.04,19,14,10,9,5,1,1,2,10
"477","k.10_052",NA,NA,NA,NA,1.9,NA,1.9,NA,2.09,NA,2.79,1.59,3.8,45.86,19,14,8,7,6,2,1,2,10
"478","k.10_058",2.79,8.53,8.69,NA,2.27,5.01,7.28,NA,NA,NA,3.29,1.64,5.49,56.79,19,NA,10,9,6,2,1.6,3,10
"479","k.10_062",3.52,8.3,8.63,NA,2.26,NA,2.26,NA,1.82,NA,3.82,1.67,4.61,58.96,19,15,11,9,5,2,1,2,10
"480","k.10_068",3,NA,9.78,NA,2.11,3.89,6,NA,2.5,NA,4.42,2.14,NA,61.73,20,NA,10,9,6,2,1.6,3,10
"481","k.10_087",NA,9.5,NA,NA,2.7,NA,2.7,NA,1.77,NA,2.34,1.64,4.83,54.65,19,NA,11,10,5,2,1,2,10
"482","k.10_091",2.79,NA,9.08,NA,2.89,NA,2.89,NA,1.72,NA,3.76,1.77,4.71,49.35019,14,11,10,6,2,1,3,NA,10
"483","k.10_096",3.24,NA,8.2,NA,1.57,NA,1.57,NA,1.3,NA,NA,NA,5.34,54.5,19,14,9,8,5,0,1,2,10
"484","k.10_098",2.66,8.85,8.57,NA,1.99,NA,1.99,NA,1.7,NA,3.92,2.04,4.75,54.21,20,14,8,7,5,2,1,3,10
"485","k.10_105",3.41,10.23,NA,NA,2.6,5.18,7.68,NA,2.54,NA,NA,NA,5.72,60.61,19,14,10,9,5,0,2.4,2,10
"486","k.10_112",3.96,NA,NA,NA,2.92,2.16,5.08,NA,2.22,NA,NA,1.53,5.41,19,14,9,8,5,1,1.2,3,NA,10
"487","k.10_116",1.92,NA,NA,NA,1.79,NA,1.79,NA,1.72,NA,4.26,1.82,2.74,43.43,19,14,9,8,6,2,1,4,10
"488","k.10_118",NA,6.96,NA,NA,1.23,NA,1.23,NA,0.93,NA,NA,1.57,3.92,45.08,19,14,9,8,5,1,1,2,10
"489","k.10_120",2.23,5.99,6.98,NA,1.89,NA,1.89,NA,1.53,2.79,4.21,1.85,4.17,42.54,19,14,10,8,5,3,1,3,10
"490","k.10_122",2.27,6.71,6.68,NA,1.98,NA,1.98,NA,1.17,NA,3.89,1.86,NA,40.64,19,14,10,8,6,2,1,4,10
"491","k.10_124",3.51,NA,9.6,NA,NA,NA,NA,NA,1.8,NA,3.81,1.71,5.12,58.15,19,14,8,7,5,2,NA,3,10
"492","k.10_130",NA,NA,6.67,NA,2.34,NA,2.34,NA,1.63,NA,2.3,NA,4.71,41.48,19,14,9,8,5,1,1,2,10
"493","k.10_132",3.32,NA,NA,NA,2.99,NA,2.99,NA,1.86,NA,NA,1.94,NA,58.15,19,NA,9,9,5,1,1,3,10
"494","k.10_134",2.12,6.47,NA,NA,2.55,NA,2.55,NA,1.87,NA,3.97,1.57,4.83,46.38,19,14,9,8,6,2,1,3,10
"495","k.10_136",NA,11.05,10.95,NA,3.45,7.06,10.51,NA,1.67,NA,3.7,1.99,6.93,65.32,19,14,9,9,6,2,2,4,10
"496","k.10_138",2.35,6.52,NA,NA,1.67,NA,1.67,NA,1.72,NA,NA,1.33,4.14,43.8,20,14,10,9,5,1,1,2,10
"497","k.10_140",NA,9.6,NA,NA,3.13,5.66,8.79,NA,1.82,NA,NA,1.53,5.7,60.51,19,14,9,8,6,1,2,2,10
"498","k.10_144",3.02,9.43,NA,NA,NA,NA,NA,NA,1.87,NA,3.82,1.65,5.56,64.07,20,14,9,8,6,2,NA,NA,10
"499","k.10_145",3.57,NA,9.59,NA,2.23,1.96,4.17,NA,2.05,NA,NA,1.7,5.5,63.2,19,NA,8,5,1,1.2,2,NA,10
"500","k.10_163",3.67,8.23,8.43,NA,1.47,3.96,5.43,NA,1.44,NA,NA,1.74,5.17,64.33,19,NA,10,9,6,1,2,2,10
"501","k.10_160",NA,7,NA,NA,2.42,NA,2.42,NA,1.54,NA,NA,1.64,4.3,NA,19,14,9,8,5,1,1,2,10
"502","k.10_209",3.76,8.98,NA,NA,2.31,5.77,8.08,NA,1.48,NA,3.49,1.86,5.08,66.18,19,14,11,9,6,2,2.2,2,10
"503","k.10_208",2.59,6.65,NA,NA,2.17,1.96,4.13,NA,1.76,NA,3.41,1.52,4.53,46.4,19,14,10,9,5,2,1.4,2,10
"504","k.10_220",2.87,7.55,NA,NA,2.51,3.7,6.26,NA,1.63,NA,3.16,1.67,4.74,50.37,19,14,9,8,5,2,1.8,2,10
"505","k.09_001",3.25,8.35,8.97,NA,2.53,NA,2.53,NA,1.56,NA,NA,1.56,NA,57.84,20,14,10,9,5,1,1,2,11
"506","k.09_008",2.3,6.23,6.81,NA,1.54,NA,1.54,NA,1.86,NA,NA,1.34,3.61,42.41,19,14,9,8,5,1,1,2,11
"507","k.09_011",1.65,5.35,5.74,NA,2.2,NA,2.2,NA,1.86,NA,3.39,1.74,3.64,39.04,19,14,10,9,5,2,1,3,11
"508","k.09_012",1.21,4.62,4.22,NA,1.64,NA,1.64,NA,1.24,NA,NA,1.2,3.07,32.27,19,14,8,8,5,1,1,3,11
"509","k.09_015",2.05,NA,NA,NA,1.74,NA,1.74,NA,1.41,NA,NA,1.36,3.96,40.62,20,14,10,9,6,1,1,3,11
"510","k.09_019",1.83,5.89,6.63,NA,1.74,NA,1.74,NA,1.39,NA,NA,1.41,3.79,42.57,19,14,9,8,5,1,1,2,11
"511","k.09_023",1.62,6.76,NA,NA,1.03,0.45,1.48,NA,1.3,NA,NA,1.18,3.87,42.57,19,14,8,7,5,1,1.2,3,11
"512","k.09_024",NA,6.13,NA,NA,2.38,NA,2.38,NA,1.36,NA,NA,1.74,3.59,49.24,19,NA,9,8,5,1,1,2,11
"513","k.09_028",3.67,7.75,7.84,NA,NA,NA,NA,NA,1.85,NA,3.59,1.83,3.7,48.08,20,14,8,7,5,2,NA,3,11
"514","k.09_031",2.69,NA,9.51,NA,2.38,NA,2.38,NA,1.58,NA,NA,1.64,4.59,60.55,20,NA,8,8,5,1,1,2,11
"515","k.09_036",1.62,5.3,NA,NA,2.71,NA,2.71,NA,2.14,NA,NA,1.1,3.77,47.38,20,14,8,8,5,1,1,2,11
"516","k.09_061",1.59,5.47,5.92,NA,2.74,1.75,4.49,NA,1.18,NA,NA,1.41,3.62,37.19,19,14,9,8,5,1,2.2,3,11
"517","k.09_062",NA,7.16,NA,NA,3.24,NA,3.24,NA,1.75,NA,NA,1.61,4.03,46.71,20,14,9,9,5,1,1,2,11
"518","k.09_066",NA,NA,8.7,NA,NA,NA,10.19,6.11,2.36,NA,NA,1.93,5.63,60.89,19,14,10,8,5,1,3,3,11
"519","k.09_077",2.11,5.21,NA,NA,2.31,NA,2.31,NA,1.35,NA,3.97,1.67,2.9,37.35,20,14,10,9,6,2,1,2,11
"520","k.09_080",NA,9.1,9.53,NA,2.2,NA,2.2,NA,1.64,NA,3.83,1.78,5.23,57.31,19,14,9,8,5,2,1,2,11
"521","k.09_082",NA,6.77,7.26,6.64,2.31,NA,2.31,NA,1.2,NA,NA,1.23,4.04,43.59,19,14,9,8,6,1,1,2,11
"522","k.09_086",NA,7.03,NA,NA,2.03,NA,2.03,NA,1.38,NA,NA,1.89,2.52,45.56,19,14,9,8,5,1,1,2,11
"523","k.09_090",7.42,10.53,NA,NA,3.07,NA,3.07,NA,2.73,NA,NA,NA,7.38,64.27,19,14,10,9,5,NA,1,3,11
"524","k.09_093",3.07,8.75,9.45,NA,2.54,NA,2.54,NA,1.98,NA,NA,1.52,4.09,63.02,20,NA,9,9,6,1,1,3,11
"525","k.09_34B",4.02,9.75,NA,NA,2.68,NA,2.68,NA,2.25,NA,3.75,2.18,5.7,62.25,19,NA,9,8,6,2,1,4,11
"526","k.09_40B",4.14,NA,NA,NA,2.38,NA,2.38,NA,1.41,NA,NA,1.69,5.85,64.81,19,14,10,9,5,1,1,2,11
"527","k.08_001",2.99,9.06,8.83,NA,2.3,NA,2.3,NA,1.49,NA,3.83,1.51,5.34,61.53,19,14,10,9,6,3,1,3,12
"528","k.08_013",1.99,6.18,6.07,NA,2.17,NA,2.17,NA,1,NA,NA,1.19,3.38,42.02,20,14,9,9,5,1,1,3,12
"529","k.08_021",2.07,NA,NA,NA,1.54,NA,1.54,NA,1.12,NA,NA,1.32,3.39,39.44,19,14,9,8,5,1,1,2,12
"530","k.08_022",1.47,NA,5.03,NA,2.11,NA,2.11,NA,1.16,NA,NA,1.15,2.47,39.77,19,14,10,9,5,1,1,2,12
"531","k.08_024",3.4,9.14,9.77,NA,2.43,NA,2.43,NA,1.03,NA,NA,1.87,6.06,69.69,19,14,9,8,5,1,1,2,12
"532","k.08_036",NA,5.13,5.98,NA,1.83,NA,1.83,NA,1.37,NA,3.48,1.42,2.98,37.32,20,13,8,8,5,2,1,2,12
"533","k.08_051",1.79,5.78,NA,NA,1.91,NA,1.91,NA,NA,NA,NA,1.07,1.93,36.99,19,14,8,7,5,1,1,2,12
"534","k.08_055",3.86,8.32,8.27,NA,2.18,2.42,4.6,NA,1.56,NA,NA,1.53,NA,63.27,19,14,9,8,5,1,2,3,12
"535","k.08_057",2.25,6.65,6.06,NA,2.33,NA,2.33,NA,1.62,NA,NA,1.4,3.75,46.2,19,14,9,8,5,1,1,2,12
"536","k.08_061",NA,NA,NA,NA,NA,NA,NA,NA,1.91,NA,NA,1.72,5.65,57.91,19,NA,10,9,4,1,2,2,12
"537","k.08_065",2.21,5.93,6.43,NA,1.93,NA,1.93,NA,1.13,NA,NA,1.38,3.29,43.42,20,14,9,8,5,1,1,2,12
"538","k.08_068",1.9,NA,6.51,NA,1.84,NA,1.84,NA,0.75,NA,NA,1.14,3.15,39.87,20,14,7,5,1,1,1,2,12
"539","k.08_084",4.39,NA,NA,NA,NA,NA,NA,NA,1.67,NA,NA,1.34,4.66,53.65,19,13,9,8,5,1,NA,2,12
"540","k.08_092",NA,6.92,NA,NA,1.79,NA,1.79,NA,1.79,NA,NA,1.53,NA,43.34,20,14,8,7,5,1,1,3,12
"541","k.08_093",NA,5.51,NA,NA,1.57,NA,1.57,NA,1.41,NA,NA,1.72,2.25,36.85,19,14,8,7,5,1,1,2,12
"542","k.08_096",1.77,6.09,6.78,NA,NA,NA,NA,NA,0.98,NA,NA,1.44,3.38,38.58,19,14,9,8,5,1,1,2,12
"543","k.08_097",NA,NA,NA,NA,2.98,NA,2.98,NA,1.81,NA,NA,1.64,5.47,63.83,19,NA,10,8,4,1,1,2,12
"544","k.08_104",1.81,NA,6.53,NA,1.75,NA,1.75,NA,1.31,NA,NA,1.4,2.97,39.81,20,14,10,9,5,1,1,3,12
"545","k.08_105",1.42,NA,NA,NA,NA,NA,NA,NA,1.31,NA,NA,1.19,4,43.59,19,NA,8,7,5,1,NA,2,12
"546","k.08_106",4.06,NA,NA,NA,NA,NA,NA,NA,2.35,NA,NA,2.07,6.46,66.96,19,NA,9,9,5,1,NA,3,12
"547","k.08_110",1.35,NA,7.56,NA,1.71,0.39,2.1,NA,1.39,NA,NA,1.37,4.12,45.78,19,14,9,8,5,1,1.2,3,12
"548","k.08_111",3.57,NA,NA,NA,2.75,0.7,3.45,NA,1.12,NA,NA,0.88,5.66,69.03,19,14,10,9,6,1,1.2,2,12
"549","k.08_114",NA,4.33,4.43,NA,NA,NA,4.45,2.96,1.23,1.77,3.13,1.86,NA,32.41,19,14,9,8,6,3,3,4,12
"550","k.08_116",NA,6.92,NA,NA,2.28,NA,2.28,NA,1.42,NA,NA,0.8,3.48,48.79,19,14,8,7,5,1,1,2,12
"551","k.08_117",1.54,6.39,NA,NA,1.44,NA,1.44,NA,1.53,NA,NA,1.59,3.55,38.32,20,NA,10,8,6,1,1,3,12
"552","k.08_118",NA,5.63,5.68,NA,1.55,NA,1.55,NA,1.32,NA,NA,0.92,3.46,38.59,20,14,10,9,5,1,1,2,12
"553","k.08_121",1.21,3.9,4.45,NA,NA,NA,NA,NA,1.08,NA,NA,0.77,1.93,28.77,19,14,9,10,6,2,NA,4,12
"554","k.08_132",NA,NA,NA,NA,2.34,0.46,2.8,NA,2.04,NA,NA,1.73,4.03,60.61,19,NA,10,7,NA,1,1.2,NA,12
"555","k.08_136",3.03,NA,9.59,NA,2.47,NA,2.47,NA,1.4,NA,NA,1.2,NA,51.8,19,NA,10,9,5,1,1,2,12
"556","k.08_139",2.67,8.65,9.66,NA,2.09,NA,2.09,NA,1.83,NA,NA,NA,6.17,55.58,18,14,10,9,5,1,1,2,12
"557","k.08_148",1.76,NA,NA,NA,NA,NA,NA,NA,0.9,NA,NA,1.23,3.89,40.67,20,NA,10,9,6,1,1,NA,12
"558","k.08_155",2.75,6.92,NA,7.77,1.63,NA,1.63,NA,1.16,NA,NA,1.23,4.99,61.88,19,14,10,NA,5,1,1,2,12
"559","k.08_165",NA,5.13,NA,NA,1.34,NA,1.34,NA,0.87,NA,NA,1.07,3.002,42.95,20,14,9,8,5,1,1,2,12
"560","k.08_166",1.64,5.69,NA,NA,NA,NA,NA,NA,NA,NA,NA,1.04,3.82,38,19,14,8,8,4,1,1,1,12
"561","k.08_167",NA,NA,6.02,NA,1.09,NA,1.09,NA,1.11,NA,NA,0.9,NA,44.65,20,14,10,9,5,1,1,2,12
"562","k.08_168",3.09,10.06,11.45,NA,1.53,NA,1.53,NA,1.27,NA,NA,1.5,5.87,63.41,19,NA,8,7,6,1,1,2,12
"563","k.08_176",3.5,10.57,11.48,NA,2.69,2.9,5.59,NA,1.77,NA,2.77,2.1,NA,64.78,20,NA,9,8,5,1,2,2,12
"564","k.08_179",2.23,6.15,NA,NA,1.43,2.04,3.47,NA,1.99,NA,3.97,2.02,4.79,48.4,19,NA,9,8,5,2,1.8,3,12
"565","k.08_185",2.88,9.4,11.34,NA,3.15,2.65,5.8,NA,2.21,2.29,4.4,1.77,NA,66.13,20,14,9,8,6,3,2,3,12
"566","k.08_186",NA,NA,8.16,NA,2.12,NA,2.12,NA,1.16,NA,NA,1.1,3.9,55.7,19,NA,10,5,1,1,2,NA,12
"567","k.08_196",2.39,NA,NA,NA,1.91,NA,1.91,NA,1.1,NA,NA,1.96,3.11,40.71,9,8,6,1,1,3,NA,NA,12
"568","k.07_004",0.78,3.44,3.6,NA,NA,NA,NA,NA,1.22,NA,NA,0.75,1.54,25.73,19,14,9,8,5,1,0,2,13
"569","k.07_005",2.82,8.76,9.38,NA,4,NA,4,NA,1.71,NA,NA,1.45,6.83,60.44,20,13,10,8,5,1,1,2,13
"570","k.07_006",3.47,8.57,8.79,NA,1.93,NA,1.92,NA,1.63,NA,NA,1.73,4.86,58.29,19,15,10,9,5,1,1,2,13
"571","k.07_022",3.69,8.3,NA,NA,2.13,NA,2.13,NA,2.14,NA,NA,NA,5.31,68.28,19,14,10,8,5,0,1,2,13
"572","k.07_029",2.22,6.75,7.16,NA,1.96,NA,1.96,NA,1.92,NA,NA,1,4.16,45.29,19,14,9,8,5,1,1,2,13
"573","k.07_042",2.58,8.42,NA,NA,2.86,NA,2.86,NA,1.14,NA,NA,1.9,6.29,60.43,19,14,9,9,5,1,1,2,13
"574","k.07_044",2.58,NA,6.61,NA,1.15,NA,1.15,NA,NA,NA,NA,0.89,3.18,41.42,20,14,11,9,4,1,1,1,13
"575","k.07_045",2.1,NA,NA,NA,1.62,NA,1.62,NA,2,NA,NA,1.49,3.25,50.21,19,NA,10,8,5,1,1,2,13
"576","k.07_048",NA,5.93,NA,NA,1.34,NA,1.34,NA,1.34,NA,NA,1.37,3.21,38.17,19,14,9,8,5,1,1,2,13
"577","k.07_050",3.09,9.23,9.83,NA,1.63,NA,1.63,NA,2.57,NA,NA,1.6,5.72,64.82,19,14,10,9,5,1,1,2,13
"578","k.07_060",1.95,6.35,NA,NA,1.82,NA,1.82,NA,1.89,NA,NA,1.78,5.07,44.81,19,14,10,9,5,1,1,2,13
"579","k.07_065",2.39,6.16,6.43,NA,1.79,NA,1.97,NA,1.64,NA,NA,1.59,3.55,46.93,19,13,9,8,6,1,1,3,13
"580","k.07_066",2.37,6.01,6.95,NA,1.47,NA,1.47,NA,1.09,NA,NA,0.9,NA,38.56,19,NA,10,9,5,1,1,2,13
"581","k.07_069",2.81,NA,8.62,NA,2.52,NA,2.52,NA,1.79,NA,NA,1.72,5.25,60.23,18,14,9,8,5,1,1,2,13
"582","k.07_075",2.52,NA,9.77,NA,3.04,4.38,7.42,NA,2.43,2.49,4.62,1.94,4.29,56.8,20,14,10,9,5,3,1.8,2,13
"583","k.07_076",3.39,8.35,NA,NA,2.69,NA,2.69,NA,1.49,NA,NA,1.43,4.2,56.27,19,14,9,8,5,1,1,2,13
"584","k.07_080",2.15,6.17,6.6,NA,1.82,NA,1.82,NA,1.59,NA,NA,1.19,3.88,43.89,19,14,8,7,5,1,1,2,13
"585","k.07_081",2.08,5.69,NA,NA,1.93,NA,1.93,NA,1.42,NA,NA,NA,3.21,39.78,19,14,8,7,6,0,1,2,13
"586","k.07_083",2.35,6.15,6.99,6.41,1.94,NA,1.94,NA,NA,NA,NA,1.71,4.35,44.11,20,13,10,9,4,1,1,1,13
"587","k.07_084",1.01,5.34,5.56,NA,NA,NA,NA,NA,NA,NA,NA,NA,2.94,40.32,14,14,10,9,4,0,0,1,13
"588","k.07_094",3.79,10.27,10.67,NA,2.58,NA,2.58,NA,2.51,NA,NA,1.51,4.72,66.69,19,NA,10,9,5,1,1,2,13
"589","k.07_102",NA,NA,9,NA,2.42,NA,2.42,NA,1.38,NA,NA,2.09,NA,53.22,20,14,9,8,6,1,1,2,13
"590","k.07_104",NA,NA,NA,NA,NA,NA,NA,NA,2.01,NA,NA,2.02,4.45,67.26,19,14,10,9,5,1,NA,1,13
"591","k.07_112",2.54,5.05,NA,NA,1.7,NA,1.7,NA,1.12,NA,NA,1.41,NA,40.71,19,14,9,8,5,1,1,2,13
"592","k.07_119",3.06,7.97,8.79,NA,NA,NA,NA,NA,1.83,NA,NA,1.61,2.67,45.38,19,14,10,9,5,1,NA,3,13
"593","k.07_122",1.37,5.38,5.24,NA,1.83,NA,1.83,NA,0.75,NA,NA,1.19,NA,35.74,19,14,8,7,5,1,1,2,13
"594","k.07_125",3.6,9.5,9.68,NA,2.53,NA,2.53,NA,1.5,NA,NA,1.52,NA,61.63,19,14,10,9,5,1,1,2,13
"595","k.07_139",3.31,NA,NA,NA,2.53,3.12,5.65,NA,1.63,NA,NA,1.79,NA,70.24,19,13,9,8,6,1,2,2,13
"596","k.07_141",NA,6.84,7.26,NA,1.61,NA,1.61,NA,1.08,NA,NA,1.47,3.34,48.41,20,14,10,9,5,1,1,3,13
"597","k.07_147",2.88,6.37,6.56,NA,2.46,3.02,5.48,NA,1.03,NA,NA,1.8,NA,50.32,20,14,NA,NA,5,1,2.2,3,13
"598","k.07_148",1.68,5.18,5.67,NA,1.55,NA,1.55,NA,NA,NA,NA,1.29,3.49,42.11,20,NA,8,8,4,1,1,1,13
"599","k.07_165",1.88,6.09,6.41,NA,3.14,1,4.14,NA,1.68,NA,NA,1.39,NA,50.08,19,14,10,8,5,1,1.4,2,13
"600","k.07_167",2.55,5.88,6.17,NA,1.99,NA,1.99,NA,1.45,NA,NA,1.37,3.87,38.48,20,14,9,8,5,1,1,2,13
"601","k.07_170",1.19,2.93,3.16,NA,NA,NA,NA,NA,0.77,NA,1.63,1.32,1.77,24.09,20,14,9,8,5,2,0,2,13
"602","k.07_179",2.22,6.09,NA,NA,1.85,2.56,4.41,NA,1.67,NA,NA,1.47,3.29,40.12,19,NA,8,7,5,1,1.8,3,13
"603","k.07_194",3.62,7.85,NA,NA,2.79,NA,2.79,NA,1.74,NA,NA,1.52,5.44,62.32,19,NA,9,8,5,1,1,2,13
"604","k.07_209",2.3,6.17,NA,NA,1.82,NA,1.82,NA,1.34,NA,NA,1.69,2.22,46.91,19,14,9,8,5,1,1,2,13
"605","k.07_232",2.21,6.36,6.54,NA,1.14,NA,1.14,NA,1.25,NA,NA,1.2,NA,46.58,19,NA,9,8,5,1,1,2,13
"606","k.07_233",2.19,NA,5.96,NA,2.18,NA,2.18,NA,0.6,NA,NA,1.39,3.43,44.03,20,14,9,8,5,1,1,1,13
"607","k.07_236",2.38,NA,NA,NA,NA,NA,NA,NA,1.26,NA,NA,1.65,4.45,50.3,19,15,9,8,5,1,NA,2,13
"608","k.07_259",4.21,8.62,NA,NA,1.8,NA,1.8,NA,2.36,NA,NA,NA,4.92,58.79,18,NA,10,8,5,0,1,2,13
"609","k.07_288",NA,NA,NA,NA,2.73,NA,2.73,NA,1.66,NA,NA,1.66,NA,68.46,20,NA,11,10,5,1,1,2,13
"610","k.07_301",NA,10.71,NA,NA,3.05,NA,3.05,NA,1.22,NA,NA,1.64,5.81,80.32,19,14,10,9,5,1,1,1,13
"611","k.06_001",2.23,6.92,7.5,NA,NA,NA,NA,NA,1.23,NA,NA,1.3,NA,50.83,19,14,10,9,5,1,0,2,14
"612","k.06_008",2.09,5.28,5.58,NA,NA,NA,NA,NA,0.76,NA,NA,0.88,2.83,41.66,19,14,10,9,4,1,0,1,14
"613","k.06_010",2.34,4.98,5.16,NA,1.85,NA,1.85,NA,1.01,NA,NA,1.46,NA,35.28,19,14,10,9,5,1,1,2,14
"614","k.06_011",2.64,8.45,8.15,NA,NA,NA,NA,NA,1.18,NA,NA,1.5,4.68,54.38,19,15,10,9,5,1,0,2,14
"615","k.06_016",NA,NA,4.55,NA,NA,NA,NA,NA,1.45,NA,NA,1.19,NA,28.81,20,14,8,7,5,1,NA,2,14
"616","k.06_018",1.76,4.62,4.67,NA,1.8,NA,1.8,NA,2.29,NA,NA,1.46,2.97,40.58,19,14,9,8,5,1,1,2,14
"617","k.06_025",2.46,8.84,NA,NA,1.96,NA,1.96,NA,2.23,NA,NA,2.03,3.78,53.97,19,NA,9,8,5,1,1,3,14
"618","k.06_029",2.31,5.96,NA,NA,1.77,NA,1.77,NA,1.17,NA,NA,1.17,4.12,43.36,19,NA,10,8,5,1,1,2,14
"619","k.06_032",2.46,6.68,7.25,NA,NA,NA,7.68,4.38,1.62,NA,NA,1.6,3.71,49.75,20,NA,10,9,6,1,3,NA,14
"620","k.06_047",3.72,8.43,8.83,NA,2.45,NA,2.45,NA,1.54,NA,NA,1.97,4.09,60.85,19,14,9,8,5,1,1,1,14
"621","k.06_050",0.93,2.94,3.02,NA,NA,NA,NA,NA,0.55,NA,NA,1.13,2.28,25.7,19,NA,8,7,5,1,0,2,14
"622","k.06_059",2.72,7.42,NA,NA,2.49,NA,2.49,NA,1.69,NA,NA,1.48,2.65,59.76,20,13,9,8,6,1,1,3,14
"623","k.06_006",2.71,8.15,8.41,NA,2.65,NA,2.65,NA,2.21,NA,NA,1.12,5,56.76,19,NA,9,9,5,1,1,NA,14
"624","k.06_063",NA,NA,7.14,NA,2.43,NA,2.43,NA,1.22,NA,2.1,1.33,3.74,49.35,20,14,9,8,5,2,1,1,14
"625","k.06_065",3.28,9.54,9.68,NA,2.01,0.45,2.46,NA,2,NA,NA,NA,4.45,62.55,19,15,10,8,5,0,1.2,2,14
"626","k.06_067",2.05,NA,NA,NA,1.97,NA,1.97,NA,1.75,NA,NA,1.2,NA,43.43,19,14,9,8,5,1,1,2,14
"627","k.06_046",2.4,6.73,7.43,NA,2.35,NA,2.35,NA,1.15,NA,NA,1.5,4.3,39.34,19,14,10,8,6,1,1,2,14
"628","k.06_069",3.55,NA,NA,NA,NA,NA,NA,NA,2.1,NA,NA,1.77,4.08,64.58,19,14,11,9,5,1,NA,NA,14
"629","k.06_070",NA,4.19,NA,NA,1.13,NA,1.13,NA,0.84,NA,NA,0.77,1.97,28.79,19,14,8,7,5,1,1,3,14
"630","k.06_071",1.54,4.5,NA,NA,NA,NA,NA,NA,0.85,NA,NA,0.64,2.17,24.77,18,NA,9,7,5,1,NA,2,14
"631","k.06_072",2.4,8.23,8.44,NA,2.54,NA,2.54,NA,NA,NA,NA,1.49,NA,50.18,19,14,10,8,4,1,1,1,14
"632","k.06_051",2.53,NA,9.41,NA,NA,NA,NA,NA,1.18,NA,NA,1.66,NA,55.02,19,NA,10,9,6,1,NA,2,14
"633","k.06_080",1.7,5.21,5.43,NA,1.41,NA,1.41,NA,1.13,NA,NA,1.55,3.06,38.06,20,NA,10,9,5,1,1,2,14
"634","k.06_081",1.49,NA,NA,NA,1.42,NA,1.42,NA,1.14,NA,NA,1.54,NA,44.26,20,14,10,NA,5,1,1,2,14
"635","k.06_084",1.97,5.46,5.49,NA,1.14,NA,1.14,NA,1.29,NA,NA,1.57,2.32,43.76,20,14,9,7,5,1,1,2,14
"636","k.06_085",4.12,NA,NA,NA,1.65,NA,1.65,NA,2.04,NA,NA,NA,5.42,53.56,19,14,10,8,5,0,1,2,14
"637","k.06_086",2.32,NA,6.94,NA,1.67,NA,1.67,NA,NA,NA,NA,0.95,2.67,40.23,19,14,9,8,3,1,1,0,14
"638","k.06_087",2.72,8.86,NA,NA,2.06,NA,2.06,NA,2.02,NA,NA,1.62,3.9,62.8,20,14,11,9,5,1,1,2,14
"639","k.06_092",3.64,9.07,9.88,NA,2.34,NA,2.34,NA,2.04,NA,NA,1.59,3.99,66.76,19,14,11,9,5,1,1,2,14
"640","k.06_102",NA,NA,NA,NA,1.95,NA,1.95,NA,1.64,NA,NA,1.1,NA,59.62,19,14,10,9,5,1,1,2,14
"641","k.06_104",3.78,NA,10.08,NA,2.06,NA,2.06,NA,2.46,NA,NA,2.06,3.92,73.47,19,14,10,9,5,1,1,2,14
"642","k.06_107",2.07,6.59,6.57,NA,2.17,0.4,2.57,NA,1.61,NA,NA,NA,NA,45.56,20,14,9,7,5,0,1.2,2,14
"643","k.06_109",3.1,NA,NA,NA,2.33,NA,2.33,NA,1.73,NA,NA,1.93,3.91,65.66,19,NA,9,8,5,1,1,2,14
"644","k.06_112",2.14,6.77,7.62,NA,NA,NA,NA,NA,1.23,NA,NA,0.91,3.97,43.02,19,14,9,8,5,1,0,2,14
"645","k.06_113",NA,NA,NA,NA,2.6,NA,2.6,NA,0.91,NA,NA,1.54,2.74,50.02,19,14,8,7,5,1,1,2,14
"646","k.06_115",3.52,9.21,NA,NA,3.76,NA,3.76,NA,1.77,NA,NA,1.63,4.53,67.74,19,NA,10,8,NA,1,1,NA,14
"647","k.06_118",NA,8.85,8.64,NA,2.03,NA,2.02,NA,2.11,NA,NA,1.03,5.14,53.41,20,NA,11,10,5,1,1,3,14
"648","k.06_120",NA,NA,5.32,NA,0.58,1.79,2.37,NA,0.51,NA,NA,1.14,3.51,41.53,19,14,8,8,5,1,2,2,14
"649","k.06_121",1.72,NA,6.12,NA,1.52,NA,1.52,NA,1.41,NA,NA,1.33,3.37,37.43,19,14,8,8,5,1,1,2,14
"650","k.06_130",1.15,3.93,NA,NA,NA,NA,NA,NA,0.65,NA,NA,0.66,1.82,22.73,20,NA,9,8,6,1,NA,3,14
"651","k.06_132",1.18,NA,NA,NA,1.17,NA,1.17,NA,0.59,NA,NA,NA,1.62,25.95,20,14,7,7,4,0,1,1,14
"652","k.06_134",2.12,7.41,NA,NA,NA,NA,NA,NA,NA,NA,NA,1.32,5.09,50.87,19,14,9,8,4,1,0,1,14
"653","k.06_136",1.3,6.03,NA,NA,1.85,NA,1.85,NA,1.67,NA,NA,1.16,2.36,41.97,20,14,10,9,6,1,1,3,14
"654","k.06_148",1.47,4.76,5.48,NA,1.32,NA,1.32,NA,1.12,NA,NA,1.3,2.84,30.97,20,NA,10,9,5,1,1,2,14
"655","k.06_155",3.58,8.3,NA,NA,1.59,NA,1.59,NA,1.48,NA,NA,0.83,4.67,68.75,19,NA,9,8,5,1,1,1,14
"656","k.06_166",2.51,8.48,NA,NA,NA,NA,NA,NA,2.27,NA,NA,1.43,5.46,57.55,19,NA,10,9,5,1,0,2,14
"657","k.05_002",1.97,5,NA,NA,0.92,NA,0.92,NA,1.48,NA,NA,1.03,NA,46.77,19,NA,9,8,5,1,1,NA,15
"658","k.05_003",NA,6.56,NA,NA,1.9,NA,1.9,NA,2.16,1.79,4.41,1.59,2.93,47.82,19,14,11,10,5,3,1,2,15
"659","k.05_004",NA,6.86,6.55,NA,1.65,NA,1.65,NA,1.58,NA,NA,1.58,3.03,43.99,19,14,9,8,5,1,1,2,15
"660","k.05_016",1.51,5.38,5.06,NA,1.57,NA,1.57,NA,1.67,NA,NA,1.16,3.12,38.12,19,14,10,9,6,1,1,3,15
"661","k.05_033",NA,7.8,NA,NA,NA,NA,NA,NA,1.38,NA,3.67,1.4,3.49,53.5,21,14,10,9,6,2,0,2,15
"662","k.05_060",NA,6,6.82,NA,1.09,NA,1.09,NA,1.63,NA,1.22,1.05,2.26,49.6,19,NA,9,8,5,2,1,1,15
"663","k.05_063",3.27,9.13,9.22,NA,2.93,NA,2.93,NA,2.61,NA,NA,1.32,4.27,63.99,19,14,10,9,5,1,1,2,15
"664","k.05_064",2.19,5.82,6.46,NA,1.6,NA,1.6,NA,NA,NA,NA,NA,3.28,47.95,19,14,10,8,4,0,1,1,15
"665","k.05_068",NA,7.46,8.14,NA,3.02,NA,3.02,NA,1.66,NA,NA,NA,NA,62.86,19,14,10,9,6,0,1,2,15
"666","k.05_069",3.26,8.54,8.7,NA,2.66,5.46,6.59,NA,1.84,NA,NA,1.99,NA,59.48,19,NA,10,9,5,1,2,2,15
"667","k.05_071",NA,7.08,7.42,NA,1.79,NA,1.79,NA,NA,NA,NA,1.35,3.73,57.21,19,NA,10,9,4,1,1,1,15
"668","k.05_086",3.53,8.61,10.08,NA,2.71,NA,2.71,NA,2.16,NA,NA,1.46,NA,68.18,20,14,8,9,5,1,1,2,15
"669","k.05_090",3.76,9.32,9.9,NA,3.72,4.91,8.63,NA,1.94,NA,NA,1.82,5.37,71.52,19,13,10,9,5,1,2.4,2,15
"670","k.05_100",NA,8.29,8.67,NA,2.42,NA,2.42,NA,1.96,NA,NA,1.48,3.18,58.13,19,14,11,10,5,1,1,NA,15
"671","k.05_101",NA,NA,8.19,NA,NA,NA,NA,NA,2.05,NA,NA,1.63,NA,55.3,19,14,11,9,5,1,NA,2,15
"672","k.05_102",2.34,NA,7.12,NA,NA,NA,NA,NA,1.69,NA,NA,1.4,3.14,43.08,19,14,10,9,5,1,1,2,15
"673","k.05_103",1.62,6.8,6.82,NA,NA,NA,7.25,4.55,1.64,NA,NA,1.36,2.16,42.56,18,14,11,9,6,1,3,3,15
"674","k.05_104",NA,5.94,5.78,NA,1.65,NA,1.65,NA,1.63,NA,NA,1.34,2.67,49.49,20,14,9,8,5,1,1,1,15
"675","k.05_106",5.34,7.59,NA,NA,1.93,6.33,8.29,NA,1.75,NA,NA,1.58,NA,58.45,20,NA,11,NA,5,1,2.4,2,15
"676","k.05_111",1.78,5.84,5.93,NA,1.22,NA,1.22,NA,2.03,NA,NA,0.97,NA,44.93,20,NA,10,9,6,1,1,4,15
"677","k.05_113",2.23,7.15,7.35,NA,2.4,NA,2.4,NA,2.32,NA,NA,1.17,NA,48.89,19,14,10,9,5,1,1,2,15
"678","k.05_116",2.64,7.19,7.83,NA,2.2,NA,2.2,NA,1.76,NA,NA,1.68,2.84,51.88,19,NA,10,7,1,1,2,NA,15
"679","k.05_118",NA,5.76,5.83,NA,1.22,NA,1.22,NA,1.95,NA,NA,1.13,3.55,46.73,19,NA,9,8,5,1,1,2,15
"680","k.05_124",4.17,10.49,11.4,NA,3.29,3.81,7.1,NA,1.97,NA,NA,1,4.94,74.44,19,14,9,8,5,1,2,2,15
"681","k.05_127",NA,NA,9.61,NA,3.76,1.53,5.29,NA,2.4,NA,NA,1.88,3.2,59.43,19,14,9,8,5,1,1.4,2,15
"682","k.05_128",3.08,8.78,9.64,NA,2.02,NA,2.02,NA,1.59,NA,NA,1.06,NA,59.54,19,14,9,5,1,1,2,NA,15
"683","k.05_131",1.82,6.45,6.6,NA,2.28,3.28,5.56,NA,2.4,NA,NA,1.91,2.81,50.12,20,14,9,5,1,2,2,NA,15
"684","k.05_145",1.69,6.71,NA,NA,2.36,NA,2.36,NA,1.11,NA,NA,1.55,3.12,41.41,19,NA,9,8,5,1,1,2,15
"685","k.05_147",2.73,8.36,8.94,NA,2.59,NA,2.59,NA,1.6,NA,NA,1.48,3.18,55.26,20,14,10,10,5,1,1,2,15
"686","k.05_149",NA,10.18,10.29,NA,2.88,NA,2.88,NA,1.98,NA,NA,1.47,NA,66.42,19,NA,11,10,NA,1,1.2,NA,15
"687","k.05_150",NA,7.38,7.4,NA,NA,NA,NA,NA,1.26,NA,NA,1.97,2.69,55.14,19,NA,11,10,5,1,0,2,15
"688","k.05_151",NA,4.85,NA,NA,NA,NA,NA,NA,0.82,2.55,2.8,1.15,NA,61.43,20,14,10,9,6,3,NA,4,15
"689","k.05_153",2.02,8.02,NA,NA,2.17,NA,2.17,NA,2.36,NA,NA,1.16,3.83,50.67,19,14,9,8,6,1,1,3,15
"690","k.05_154",2.84,NA,NA,NA,NA,NA,NA,NA,1.88,NA,NA,1.72,2.48,54.23,20,NA,10,9,6,1,NA,4,15
"691","k.05_157",NA,8.29,9.64,NA,2.28,NA,2.28,NA,2.07,NA,NA,1.61,NA,57.87,19,14,10,8,6,1,1,2,15
"692","k.05_159",3.18,8.7,NA,NA,2.37,NA,2.37,NA,NA,NA,NA,1.64,NA,63.61,19,14,9,8,5,1,1,2,15
"693","k.05_167",NA,10.86,11.05,NA,2.99,4.7,7.69,NA,2.67,NA,4.47,2.04,2.94,60.5,19,14,10,9,5,2,2,3,15
"694","k.05_168",3.32,8.93,9.06,NA,3.05,NA,3.05,NA,1.59,NA,2.98,1.68,4.47,57.44,19,NA,9,NA,8,2,1,3,15
"695","k.05_036",2.1,6.56,NA,NA,NA,NA,NA,NA,1.35,NA,3.86,1.75,3.12,42.18,19,14,11,10,6,2,NA,4,15
"696","k.05_087",5.43,9.77,10.71,NA,2.59,NA,2.59,NA,1.79,NA,NA,1.8,4.49,78.39,19,NA,10,8,5,1,1,2,15
"697","k.05_088",4.65,NA,10.39,NA,2.75,NA,2.75,NA,2.78,NA,NA,1.39,NA,74.57,19,14,10,9,5,1,1,2,15
"698","k.05_091",NA,NA,NA,NA,2.62,NA,2.62,NA,1.73,NA,NA,1.6,2.76,59.97,19,NA,10,9,5,1,1,3,15
"699","k.05_162",2.5,5.35,NA,NA,2.02,3.47,5.49,NA,1.7,NA,4.45,1.62,3.18,49.35,19,14,8,7,5,2,1.8,3,15
"700","k.05_009",3.36,9.11,NA,NA,2.31,NA,2.31,NA,2.01,NA,NA,1.66,3.84,58.18,19,NA,10,9,5,1,1,2,15
"701","k.05_018",3.25,7.89,NA,NA,2.89,1.82,4.71,NA,2.18,NA,NA,1.99,5.45,56.67,19,14,10,9,5,1,1.2,2,15
"702","k.05_031",4.1,9.94,9.98,NA,2.12,5.7,7.82,NA,2.27,NA,NA,2.01,4.82,65.43,20,14,9,6,1,2,3,NA,15
"703","k.05_035",2.98,8.19,8.54,NA,2.41,5.19,7.6,NA,1.93,NA,NA,1.52,3.01,51.85,19,14,11,10,6,1,2.2,5,15
"704","k.04_246",4.64,7.79,8.51,NA,1.67,NA,1.67,NA,1.34,NA,NA,NA,3.45,49.86,19,15,10,8,5,0,1,1,16
"705","k.04_242",NA,5.61,4.99,NA,1,NA,1,NA,NA,NA,NA,1.28,2.2,37.44,19,14,10,9,4,1,1,1,16
"706","k.04_243",2.24,5.72,5.77,NA,2.16,NA,2.16,NA,1.07,NA,NA,1.32,2.5,42.04,19,14,11,8,5,1,1,2,16
"707","k.04_177",NA,6.81,NA,NA,2.43,NA,2.43,NA,1.33,NA,NA,1.57,3.04,54.66,19,14,10,9,5,1,1,2,16
"708","k.04_212",2.02,5.5,NA,NA,1.14,NA,1.14,NA,1.06,NA,NA,1.36,2.97,38.77,19,14,10,9,6,1,1,2,16
"709","k.04_144",NA,4.54,4.18,NA,1.55,NA,1.55,NA,1.05,NA,NA,1.01,2.78,32.56,19,14,10,9,5,1,1,2,16
"710","k.04_225",NA,7.71,7.34,NA,1.81,NA,1.81,NA,1.38,NA,NA,1.22,3.71,64.44,19,14,9,8,NA,1,1,NA,16
"711","k.04_051",5.3,11.04,11.19,NA,1.78,NA,1.78,NA,2.16,NA,3.46,1.95,NA,75.16,19,14,10,9,5,2,1,2,16
"712","k.04_072",1.6,5.31,6.05,NA,1.12,NA,1.12,NA,NA,NA,NA,1.64,NA,35.87,19,14,10,8,3,1,1,0,16
"713","k.04_088",NA,5.75,5.9,NA,0.8,NA,0.8,NA,NA,NA,NA,1.05,2.8,40.63,19,14,10,9,4,1,1,1,16
"714","k.04_273",2.63,7.67,NA,NA,1.78,NA,1.78,NA,1.3,NA,2.82,1.51,3.12,51.81,19,14,9,8,5,2,1,2,16
"715","k.04_073",1.23,4.66,5.53,NA,1.04,NA,1.04,NA,0.97,NA,NA,0.93,1.63,33.02,19,14,10,9,5,1,1,2,16
"716","k.04_129",1.47,5.12,NA,NA,1.41,NA,1.41,NA,0.74,NA,NA,1.07,2.02,31.14,19,14,10,9,5,1,1,2,16
"717","k.04_158",2.21,6.8,7.04,NA,1.65,NA,1.65,NA,1.19,NA,NA,0.96,2.51,48.5,18,14,10,8,4,1,1,1,16
"718","k.04_250",1.69,5.27,NA,NA,1.22,NA,1.22,NA,0.77,NA,NA,1.46,2.17,38.78,19,14,9,8,5,1,1,2,16
"719","k.04_249",1.47,4.7,NA,NA,NA,NA,NA,NA,0.7,NA,NA,1.16,NA,17.85,19,14,9,9,5,1,0,2,16
"720","k.04_111",2.01,6,6.5,NA,1.4,NA,1.4,NA,1.12,NA,NA,1.07,2.38,41.56,19,14,10,9,5,1,1,2,16
"721","k.04_237",1.43,4.48,4.91,NA,1.2,NA,1.2,NA,0.65,NA,NA,1.34,2.47,34.09,19,14,10,9,5,1,1,2,16
"722","k.04_236",1.76,6.3,NA,NA,1.15,NA,1.15,NA,NA,NA,NA,1.11,2.43,41.3,18,14,10,8,4,1,1,1,16
"723","k.04_182",1.63,5.72,5.32,NA,1.74,NA,1.74,NA,1.41,NA,3.47,1.39,2.28,40.32,19,14,10,9,5,2,1,2,16
"724","k.04_235",1.45,4.23,4.75,NA,0.87,NA,0.87,NA,0.72,NA,NA,1.13,1.68,30.47,19,14,9,8,5,1,1,2,16
"725","k.04_147",1.76,5.22,5.98,NA,1.14,NA,1.14,NA,0.92,NA,NA,0.84,1.81,38.03,19,14,9,8,5,1,1,2,16
"726","k.04_035",2.82,8.11,8.61,NA,2.64,NA,2.64,NA,0.72,NA,NA,NA,3.29,56.92,19,14,10,9,5,0,1,2,16
"727","k.04_137",2.63,7.53,7.38,NA,1.94,NA,1.94,NA,NA,NA,NA,NA,2.97,50.11,19,NA,9,8,5,NA,1,2,16
"728","k.04_089",1.69,5.68,6.31,NA,1.93,NA,1.93,NA,0.92,NA,NA,NA,2.93,42.37,19,14,9,8,4,0,1,1,16
"729","k.04_041",1.69,5.71,5.31,NA,1.7,NA,1.7,NA,NA,NA,NA,1,3.07,40.13,19,14,9,8,4,1,1,1,16
"730","k.04_200",2.78,7.91,NA,NA,2.97,NA,2.97,NA,1.55,NA,NA,1.86,5.26,51.05,19,14,9,8,6,1,1,NA,16
"731","k.04_090",1.8,6.69,7.71,NA,0.89,NA,0.89,NA,1.52,NA,3.75,1.66,2.91,43.52,19,15,10,8,5,2,1,3,16
"732","k.04_055",1.52,5.96,6.17,NA,1.52,NA,1.52,NA,1.08,NA,NA,1.45,2.05,38.13,19,14,10,9,5,1,1,2,16
"733","k.04_040",2.29,6.05,NA,NA,1.25,NA,1.25,NA,0.94,NA,NA,1.17,2.89,40.59,19,14,9,8,5,1,1,2,16
"734","k.04_080",NA,4.87,4.84,NA,1.24,NA,1.24,NA,1.53,NA,3.12,1.34,2.09,30.95,19,14,9,8,5,2,1,3,16
"735","k.04_079",0.95,3.76,NA,NA,1.41,NA,1.41,NA,0.94,NA,NA,1.55,1.92,25.36,19,13,9,8,5,1,1,2,16
"736","k.04_048",1.77,4.57,4.38,NA,1.49,NA,1.49,NA,1.63,NA,NA,1.03,2.55,38.08,20,14,10,9,6,1,1,3,16
"737","k.04_101",1.93,5.2,5.53,NA,1.93,NA,1.93,NA,0.58,NA,NA,1.34,1.97,38.71,21,14,10,9,5,1,1,2,16
"738","k.04_102",NA,6.41,7.51,NA,NA,NA,NA,NA,1.07,NA,NA,1.82,2.23,43.55,19,15,11,10,6,1,0,2,16
"739","k.04_126",2.54,6.13,NA,NA,0.72,NA,0.72,NA,1.5,NA,NA,1.48,3.78,46.54,19,15,8,8,5,1,0,2,16
"740","k.04_127",2.35,6,6.44,NA,1.64,NA,1.64,NA,1.71,NA,NA,1.65,2.72,42.41,20,14,10,9,5,1,1,2,16
"741","k.04_276",1.74,4.53,5.11,NA,1.03,NA,1.03,NA,1.54,NA,NA,1.57,2.06,33.77,19,14,10,9,5,1,1,3,16
"742","k.04_188",1.47,5.88,6.12,NA,1.01,NA,1.01,NA,1,NA,NA,1.24,2.3,46.5,18,14,9,8,5,1,1,2,16
"743","k.04_052",1.58,5.41,5.25,NA,1.77,NA,1.77,NA,1.14,NA,NA,1.1,2.46,36.05,19,15,9,8,5,1,1,2,16
"744","k.04_039",1.54,6.11,NA,NA,1.53,NA,1.53,NA,1.15,NA,NA,1.94,2.85,41.45,19,NA,9,8,6,1,1,2,16
"745","k.04_105",1.92,5.48,5.69,NA,1.53,NA,1.53,NA,1.34,NA,NA,1.33,2.15,39.05,19,14,9,8,5,1,1,2,16
"746","k.04_103",1.65,4.58,NA,NA,2.01,NA,2.01,NA,1.06,NA,NA,1.49,NA,34.76,19,14,9,8,5,1,1,2,16
"747","k.04_081",1.74,5.49,5.61,NA,1.16,NA,1.16,NA,0.92,NA,NA,1.33,NA,42.07,19,14,9,8,5,1,1,2,16
"748","k.04_183",2.1,6.02,5.52,NA,1.74,NA,1.74,NA,0.81,NA,NA,1.62,2.05,45.6,18,14,9,8,5,1,1,2,16
"749","k.04_160",NA,4.97,NA,NA,1.19,NA,1.19,NA,1,NA,NA,NA,NA,34.38,18,14,9,9,5,0,1,2,16
"750","k.04_195",2.14,5.77,6.33,NA,1.53,NA,1.53,NA,0.95,NA,NA,1.04,2.46,44.48,19,14,9,8,5,1,1,2,16
"751","k.04_00208-1",2.55,6.51,7.28,NA,1.58,NA,1.58,NA,1.2,NA,NA,1.59,3.71,45.8,19,15,10,8,5,1,1,2,16
"752","k.04_00208-2",1.85,5.32,5.35,NA,1.4,NA,1.4,NA,1.15,NA,NA,1.42,2.94,38.18,19,NA,10,9,5,1,1,2,16
"753","k.04_00208-3",2.27,5.87,NA,NA,1.27,NA,1.27,NA,1.56,NA,NA,1.48,2.39,40.44,19,NA,10,9,5,1,1,NA,16
"754","k.04_00208-4",2.11,6.87,6.94,NA,2.8,NA,2.8,NA,1.32,NA,NA,1.34,3.47,46.42,19,14,10,8,5,1,1,2,16
"755","k.04_00208-5",NA,NA,NA,NA,NA,NA,NA,NA,NA,NA,NA,NA,NA,NA,19,14,10,9,5,1,1,2,16
"756","k.04_00208-6",NA,6.02,6.2,NA,1.61,NA,1.61,NA,NA,NA,NA,1.18,2.49,41.36,18,15,7,7,4,1,1,1,16
"757","k.04_00208-7",2.2,6.48,6.51,NA,1.85,NA,1.85,NA,2.09,NA,NA,1.27,NA,41.89,19,14,9,8,5,1,1,2,16
"758","k.04_274",1.56,5.35,6.01,NA,1.42,NA,1.42,NA,1,NA,NA,1.36,3.39,45.89,19,14,10,8,6,1,1,2,16
"759","k.04_128",2.27,5.92,6.58,NA,NA,NA,NA,NA,1.14,NA,NA,1.29,2.45,39.65,19,NA,10,8,5,1,0,2,16
"760","k.03_010",NA,NA,NA,NA,NA,NA,NA,NA,NA,NA,NA,1.1,1.22,59.85,19,14,10,9,5,1,0,NA,17
"761","k.03_113",3.07,8.23,8.98,NA,1.57,NA,1.57,NA,1.46,NA,4.11,1.72,3.52,56.05,19,14,9,9,5,2,1,2,17
"762","k.03_114",2.47,7.26,NA,NA,NA,NA,NA,NA,1.88,NA,NA,1.1,2.78,54.92,19,15,10,10,5,1,0,2,17
"763","k.03_116",NA,4.79,NA,NA,1.51,NA,1.51,NA,NA,NA,NA,NA,2.56,47.41,19,14,9,9,4,0,1,0,17
"764","k.03_117",1.47,NA,5.71,NA,1.26,NA,1.26,NA,NA,NA,NA,NA,NA,36.16,19,14,10,7,4,0,1,1,17
"765","k.03_118",NA,4.95,NA,NA,2.09,NA,2.09,NA,0.98,NA,NA,0.97,NA,44.78,18,NA,10,8,1,1,1,NA,17
"766","k.03_120",1.96,6.2,NA,NA,NA,NA,NA,NA,1.97,NA,NA,1.33,4.23,47.77,19,14,10,8,5,1,0,2,17
"767","k.03_121",3.22,8.43,10.18,NA,3.65,NA,3.65,NA,2.09,NA,NA,1.14,4.28,65,19,NA,NA,NA,5,1,1,2,17
"768","k.03_128",2.22,5.67,6.22,NA,1.17,NA,1.17,NA,1,NA,NA,1.2,2.29,45.96,20,14,10,9,5,1,1,2,17
"769","k.03_134",2.07,5.11,NA,NA,2.21,NA,2.21,NA,1.36,NA,NA,1.2,3.74,47.07,19,14,10,9,5,1,1,3,17
"770","k.03_139",NA,6.03,NA,NA,1.54,NA,1.54,NA,1.47,NA,NA,1.49,2.46,45.57,19,NA,10,9,7,1,1,4,17
"771","k.03_140",2.19,5.57,6.94,NA,1.2,NA,1.2,NA,0.86,NA,NA,NA,3.64,39.93,19,15,9,7,4,0,1,1,17
"772","k.03_143",NA,3.89,8.54,NA,NA,NA,NA,NA,0.98,NA,NA,1.59,5.53,61.47,19,NA,11,10,5,1,1,2,17
"773","k.03_144",1.56,5.02,NA,NA,1.32,NA,1.32,NA,NA,NA,NA,1.34,2.79,37.47,19,14,10,9,4,1,1,1,17
"774","k.03_147",1.8,5.45,4.39,NA,NA,NA,NA,NA,NA,NA,NA,0.86,2.18,40.7,19,NA,9,8,1,0,NA,NA,17
"775","k.03_149",2.8,7.65,7.94,NA,1.43,NA,1.43,NA,0.83,NA,NA,1.51,NA,51.6,19,14,10,9,4,1,1,1,17
"776","k.03_015",NA,NA,6.19,NA,NA,NA,NA,NA,1.27,NA,NA,1.21,2.94,43.07,19,14,9,8,6,1,NA,3,17
"777","k.03_151",2.65,6.88,NA,NA,NA,NA,NA,NA,0.97,NA,NA,1.83,3.49,46.93,20,NA,9,8,5,1,0,2,17
"778","k.03_017",1.56,NA,NA,NA,NA,NA,NA,NA,1.23,NA,NA,1.35,3.58,38.57,20,NA,11,9,6,1,NA,2,17
"779","k.03_170",2.75,7.07,NA,NA,2.53,NA,2.53,NA,1.05,NA,NA,1.33,4.61,52.12,19,14,10,8,5,1,1,2,17
"780","k.03_018",2.22,6.78,6.53,NA,2.28,NA,2.28,NA,1.11,NA,NA,1.26,3.86,47.8,20,14,10,9,5,1,1,1,17
"781","k.03_180",1.55,4.32,5.02,NA,0.88,NA,0.88,NA,NA,NA,NA,1.3,2.86,31.4,18,14,7,4,1,1,1,NA,17
"782","k.03_184",1.69,6.34,5.88,NA,2.15,NA,2.15,NA,0.93,NA,NA,1.75,2.89,44.8,19,14,10,8,5,1,1,2,17
"783","k.03_185",3.07,8.2,8.4,NA,2.31,NA,2.31,NA,0.92,NA,NA,1.62,4.56,59.62,19,14,10,8,6,1,1,2,17
"784","k.03_186",2.35,6.14,5.41,NA,2.27,NA,2.27,NA,1.21,NA,NA,1.01,NA,40.01,19,14,11,9,5,1,1,1,17
"785","k.03_187",2.26,5.89,NA,NA,1.35,NA,1.35,NA,NA,NA,NA,1.09,2.82,39.62,19,14,10,9,4,1,1,1,17
"786","k.03_191",1.98,NA,6.32,NA,0.61,NA,0.61,NA,1.05,NA,NA,1.1,3.07,40.59,19,14,10,9,NA,1,1,NA,17
"787","k.03_192",NA,5.43,5.75,NA,1.91,2.15,4.06,NA,1.59,NA,2.9,1.5,3.02,35.76,19,NA,10,8,6,2,1.4,4,17
"788","k.03_193",2.29,4.366,NA,NA,NA,NA,NA,NA,1.08,NA,NA,0.99,NA,41.95,20,NA,9,8,5,1,NA,1,17
"789","k.03_197",NA,8.67,8.33,NA,2.29,NA,2.29,NA,1.47,NA,NA,1.7,4.67,59.28,19,14,10,8,5,1,1,2,17
"790","k.03_199",2.58,6.86,7.19,NA,1.86,NA,1.86,NA,1.35,NA,NA,1.48,3.79,49.39,19,14,10,9,5,1,1,2,17
"791","k.03_020",2.03,5.96,NA,NA,NA,NA,NA,NA,1.19,NA,NA,1.45,2.87,43.13,19,14,10,8,5,1,0,2,17
"792","k.03_202",NA,7.53,NA,NA,2.41,NA,2.41,NA,1.26,NA,NA,1.84,3.03,48.99,19,NA,11,9,NA,1,1,NA,17
"793","k.03_003",NA,7.46,7.05,NA,NA,NA,NA,NA,1.32,NA,NA,1.33,3.46,48.84,19,14,9,8,5,1,0,2,17
"794","k.03_030",2.68,NA,7.61,NA,1.18,NA,1.18,NA,1.11,NA,NA,1.28,3.31,48.51,19,15,10,9,5,1,1,2,17
"795","k.03_034",3.1,8.67,8.55,NA,1.65,NA,1.65,NA,1.89,NA,NA,1.28,4.86,55.94,18,14,9,8,5,1,1,2,17
"796","k.03_004",NA,6.74,NA,NA,1.61,NA,1.61,NA,1.23,NA,NA,1.43,3.96,55.26,19,14,10,9,5,1,1,2,17
"797","k.03_040",1.93,6.91,6.58,NA,1.7,NA,1.7,NA,1.95,NA,NA,1.43,NA,53.3,18,NA,9,8,5,1,1,2,17
"798","k.03_043",2.01,5.57,NA,NA,1.1,NA,1.1,NA,0.84,NA,NA,0.9,2.42,37.22,19,NA,9,8,5,1,1,2,17
"799","k.03_046",1.9,5.34,NA,NA,1.48,NA,1.48,NA,0.7,NA,NA,1.32,NA,39.72,20,14,9,9,5,1,1,2,17
"800","k.03_047",2.46,7.41,NA,NA,1.37,NA,1.37,NA,1.44,NA,NA,1.85,NA,53.29,18,NA,10,9,5,1,1,3,17
"801","k.03_048",2.31,NA,NA,NA,1.86,NA,1.86,NA,1.13,NA,NA,1.52,3.28,49.78,19,14,9,8,5,1,1,1,17
"802","k.03_051",2.06,7.34,7.34,NA,1.88,NA,1.88,NA,1.63,NA,NA,0.87,NA,46.84,19,13,9,8,6,1,1,2,17
"803","k.03_006",3.78,9.76,10.52,NA,2.5,NA,2.5,NA,2.67,NA,NA,1.31,5.75,72.1,19,14,9,8,5,1,1,2,17
"804","k.03_069",3.02,NA,9.62,NA,NA,NA,NA,NA,NA,NA,NA,NA,NA,59.76,19,NA,9,8,NA,1,NA,NA,17
"805","k.03_074",NA,7.85,NA,NA,1.85,NA,1.85,NA,1.94,NA,NA,1.74,3.14,53.59,19,NA,10,9,5,1,1,2,17
"806","k.03_077",NA,7.5,6.91,NA,2.08,NA,2.08,NA,1.49,2.36,NA,1.49,4.35,48.27,19,14,10,7,6,2,1,3,17
"807","k.03_078",4.13,11.66,12.1,NA,2.75,NA,2.75,NA,3.33,NA,NA,1.64,6.37,75.41,19,14,5,1,1,2,NA,NA,17
"808","k.03_008",3.29,9.23,9.56,NA,3.05,NA,3.05,NA,1.2,NA,NA,1.77,4.58,72.43,19,14,11,9,6,1,1,2,17
"809","k.03_090",2.31,6.09,NA,NA,0.59,NA,0.59,NA,1.13,NA,NA,1.13,2.24,42.56,19,14,10,8,5,1,1,2,17
"810","k.03_092",3.09,8.56,8.35,NA,1.83,NA,1.83,NA,1.32,NA,3.52,1.62,4.35,56.91,19,14,10,9,6,2,1,3,17
"811","k.03_094",2.04,7.4,7.66,NA,NA,NA,NA,NA,1.24,NA,NA,1.56,3.75,47.89,19,14,9,8,6,1,0,2,17
"812","k.03_095",NA,NA,NA,NA,0.86,NA,0.86,NA,0.81,NA,NA,1.36,2.48,36.82,19,14,8,9,6,1,1,2,17
"813","k.03_096",1.62,4.89,NA,NA,1.23,NA,1.23,NA,1.46,NA,NA,1.16,2.59,36.89,19,14,10,9,5,1,1,2,17
"814","k.03_098",1.83,5.83,6.17,NA,NA,NA,NA,NA,1.54,NA,NA,1.19,3.86,44.52,19,14,10,9,5,1,0,2,17
